Other,COAD
5.9,12.358
4.06,13.6495
4.59,12.8684
5.94,13.7786
3.14,13.3353
2.64,12.9372
8.96,13.2509
4.63,13.2178
4.94,13.0266
10.72,12.9648
4.18,13.4095
3.05,12.0377
2.73,13.3797
4.45,12.712
4.35,12.6754
3.48,11.8072
4.43,13.2666
5.17,12.7518
4.16,13.5667
7.5,13.3536
4.1,14.1833
6.68,13.2877
3.6,12.5862
3.17,12.1155
3.6,13.0249
5.01,13.2454
5.74,12.7752
3.41,12.4416
4.88,13.0624
3.5,12.7284
4.58,14.0141
4.32,13.0406
3.56,13.0196
3.27,12.8249
4.44,13.4702
5.6,13.1816
3.79,12.6332
2.71,13.5699
4.31,11.6575
4,12.9273
5.37,12.3559
2.95,11.3185
3.78,13.5635
4.4,13.331
3.8,13.207
4.07,12.3179
4.85,13.5246
3.57,11.5255
3.31,13.3223
5.4,13.0517
6.06,13.1266
5.26,12.5585
4.27,11.9518
5.46,14.1452
5.22,10.6786
3.43,13.1638
3.39,13.0795
2.96,13.4585
3.67,14.3628
6.32,13.2057
4.54,13.0821
4.01,13.8547
3.86,13.0804
5.87,12.8644
4.95,12.373
3.89,13.4121
4.34,13.7229
4.08,12.5397
4.34,12.9051
2.68,12.2354
4.42,13.503
4.85,13.3378
5.34,12.1094
6.86,12.9927
3.22,13.0261
3.88,12.4815
4.43,13.9707
5.6,10.7505
5.5,13.2659
14.28,13.0758
13.02,13.4136
14.01,12.8107
14.83,13.4198
13.76,12.5877
10.2,12.1201
13.21,12.9014
12.54,12.3377
14.24,12.7272
12.48,13.4379
12.85,11.4254
12.88,13.6183
11.34,12.8668
12.86,13.7964
11.93,13.4378
12.5,12.9761
11.93,12.8651
12.03,13.1363
10.04,12.4861
11.48,12.9167
12.55,12.7115
13.8,12.3709
12.25,13.6785
12.82,12.5551
12.46,12.688
6.39,12.4732
12.56,12.8451
7.23,12.4795
11.52,13.3113
9.68,13.1558
12.59,12.7797
12.88,13.3474
11.97,13.1531
12.55,13.0503
7.96,13.3276
7.47,13.1659
13.12,13.6663
13.13,12.4051
6.5,12.4571
11.61,13.3126
7.56,12.1412
13.58,12.7461
13.91,12.7844
13.43,13.7286
12.13,10.4163
12.8,13.2298
12.15,13.3384
13.66,13.6725
6.78,13.3052
14.25,13.5729
11.73,12.9633
14.25,12.7582
12,12.2341
12.91,13.0363
11.45,13.5377
11.83,13.4143
12.25,13.7548
12.23,13.3425
11.88,12.4315
6.85,13.2866
11.46,12.8271
12.44,13.9803
12.43,13.0306
13.31,13.45
13.21,13.5012
13.57,12.9853
13.86,12.7457
12.1,12.188
13.37,12.5164
12.75,12.6406
13.37,12.9965
12.06,13.7975
13.28,13.287
12.57,12.6877
12.9,11.994
14.13,12.166
13.58,11.9928
13.36,12.4092
13.26,12.8588
12.86,13.2001
13.33,12.5469
12.95,13.2926
12.58,12.8775
13.43,11.4929
13.5,13.5668
13.66,12.7807
13.36,12.7952
6.09,12.4401
13.21,13.8183
12.38,12.4981
10.24,12.7842
12.99,13.2856
12.11,14.2274
13.41,13.8803
12.97,12.9707
13.3,14.3598
11.27,13.3531
11.3,12.4282
13.25,12.7421
13.23,12.7238
13.91,13.1167
13.77,12.9688
10.03,13.3165
12.61,13.5634
14.13,12.867
12.55,13.4918
13.8,12.9243
13.61,13.1351
12.36,13.1444
10.58,13.83
11.21,13.3017
11.23,12.9123
12.48,13.3189
12.36,13.469
12.73,13.3736
10.87,13.6081
11.48,12.7594
14.88,13.799
11.84,12.3477
13.01,12.5521
13.54,13.1453
13.58,13.6356
12.22,12.2883
7.62,13.1269
12.46,13.0158
14.3,13.5361
12.85,12.7957
13.05,13.5111
13.55,12.7224
13.5,13.6655
11.91,12.2849
13.31,13.1911
12.52,13.2413
12.72,12.7122
10.66,14.4496
13.92,13.755
12.96,13.5066
13.63,13.5021
12.6,12.5977
8.85,12.428
12.2,12.5238
11.44,13.7722
12.85,13.6028
14.02,10.9692
9.75,12.3451
11.27,13.1424
13.64,12.5575
13.56,13.6734
13.6,13.4853
13.19,13.0314
12.92,13.0684
14.1,13.1497
12.64,13.3485
12.95,13.8573
11.79,12.5587
12.79,13.4036
13.23,13.8153
12.61,13.4721
13.77,12.3847
11.43,14.2307
13.48,13.1623
14.12,12.9181
11.69,12.6168
12.98,13.8223
14.08,12.4255
10.16,13.6939
12.74,13.9392
13.46,13.0581
11.81,11.948
12.69,13.5739
13.5,13.0587
12.47,12.8496
14.07,11.5035
12.82,13.8359
12.04,12.3165
14.14,12.2871
12.13,13.5452
10.41,12.3147
11.02,12.4027
13.46,13.8379
14.64,12.8974
12.59,13.1578
11.95,13.0166
12.28,13.0594
11.93,12.313
10.72,13.3073
12.55,12.7396
9.55,11.7701
11.84,13.5463
12.39,12.8529
13.04,11.7323
12.11,12.68
12.48,13.0641
11.77,12.6956
12.04,13.2301
13.36,12.0986
12.78,12.2099
12.85,13.395
9.78,12.4576
10.01,12.9799
11.21,12.3249
13.05,13.0183
8.45,13.4639
13.36,12.6704
11.85,13.8915
12.57,12.7794
10.9,12.4587
9.1,13.5869
12.38,13.7018
11.24,13.6403
10.98,13.1034
13.38,13.1095
11.97,13.4086
12.86,12.8922
11.75,13.0126
13,12.7931
9.62,12.7903
12.37,13.0678
11.98,13.4807
12.9,12.1794
10.22,13.7882
11.39,12.6818
12.18,13.165
14.03,13.5161
11.68,13.9711
6.73,13.3516
12.53,13.2982
11.94,13.208
12.55,13.28
11.54,12.4548
12.24,12.6697
13.18,12.8598
10.7,12.6501
12.62,12.9374
12.59,13.4106
13.46,13.2455
12.97,12.7308
11.5,12.8496
12.94,12.3973
7.93,13.5378
13.34,12.4893
12.44,12.879
13.51,12.5617
13.94,13.3895
13.67,13.1253
13.6,12.7055
13.14,13.3252
12.84,13.2623
13.88,13.4088
13.06,13.5006
11.74,13.5272
11.59,13.8332
13.93,13.6454
11.71,12.0184
11.73,13.5788
12.13,13.2279
12.51,12.0713
14.63,13.6088
13.39,13.1941
13.66,13.6015
13.11,14.0538
12.84,13.2157
9.78,13.5756
11.85,12.0354
13.22,12.7673
13.19,12.9948
12.45,12.5004
14.39,13.0953
10.52,13.899
12.96,14.0321
10.42,12.8656
10.47,12.6803
12.72,14.0002
12.5,12.6234
12.72,12.8748
13.52,12.2352
12.56,13.962
13.28,12.8186
12.59,13.5044
12.54,12.3639
13.53,12.2749
9.34,13.0493
13.3,12.4955
12.41,13.7776
13.52,11.5668
11.3,12.65
13.15,13.4629
13.64,13.0593
12.64,13.6388
14.04,13.1264
12.06,13.4044
14.27,13.2569
14.08,13.311
12.99,13.5625
11.49,13.6624
11.49,11.5254
11.4,13.2782
12.78,12.9436
13.71,13.3133
12.5,14.145
11.82,12.36
14.17,11.5998
7.54,11.9442
13.23,12.8917
12.04,13.9591
6.73,13.1456
13.63,14.2475
13.94,12.4461
11.39,12.6381
12.9,11.9726
13.3,13.8276
13.74,12.5934
13.28,13.9989
12.77,14.554
12.95,12.8238
12.49,12.7998
11.86,13.0879
12.56,12.9758
13.64,12.8339
13.39,13.2752
12.8,13.6538
12.27,12.6709
12.54,12.7355
11.95,12.8935
14.13,12.3231
10.84,12.9902
12.01,12.8475
12.55,13.6124
10.35,13.2695
11.94,13.9863
13.93,13.1556
12.62,13.2025
13.25,14.0235
10.8,13.0436
12.3,13.037
11.55,11.4429
13.52,12.8938
9.61,12.9979
12.24,13.4004
12.02,13.5312
12.48,11.8131
13.36,12.2842
12.64,12.7141
13.03,13.4954
12.18,13.1341
13.4,13
12.77,13.5571
12.99,13.3955
12.32,13.5936
13.66,13.5102
13.28,13.3712
10.43,11.9769
10.7,12.9298
12.42,13.4851
11.69,13.2757
10.56,
11.26,
9.71,
11.79,
12.63,
10.35,
10.33,
9.81,
11.96,
12.95,
11.76,
11.29,
13.12,
11.38,
11.22,
12.82,
11.42,
9.6,
11.73,
10.8,
12.65,
13.86,
12.3,
12.68,
12.09,
12.99,
12.94,
12.69,
13.62,
12.12,
13.69,
13.33,
7.6,
13.14,
9.28,
7.33,
12.71,
12.45,
9.88,
13.21,
13.29,
12.45,
14.29,
13.93,
12.37,
13.34,
13.29,
12.48,
12.36,
12.33,
12.04,
13.69,
9.11,
13.03,
12.58,
9.83,
12.33,
12.01,
12.02,
13.85,
10.99,
11.68,
13.04,
11.38,
11.4,
9.57,
6.51,
13.71,
7.9,
12.03,
9.83,
10.27,
5.25,
7.23,
5.55,
6.38,
4.38,
6.49,
5.4,
5.28,
5.17,
4.88,
4.81,
6.08,
4.43,
5.42,
3.31,
6.28,
9.16,
4.9,
5.25,
6.09,
4.77,
6.59,
4.22,
5.64,
5.18,
4.85,
4.04,
4.98,
6.53,
4.71,
7.36,
5.89,
4.71,
7.2,
6.23,
8.33,
6.3,
5.68,
5.25,
5.49,
6.16,
4.61,
6.06,
5.8,
5.11,
6.44,
6.2,
8.62,
9.96,
11.36,
11.31,
9.97,
11,
11.52,
11.29,
11.98,
9.14,
10.45,
11.86,
10.17,
11.98,
10.73,
10.55,
11.98,
10.25,
11.97,
11.08,
11.02,
10.03,
11.74,
10.07,
9.74,
9.72,
10.94,
10.2,
10.19,
11,
8.1,
11.95,
8.21,
12.65,
11.6,
11.49,
10.79,
11.15,
11.67,
11.35,
10.08,
11.33,
12.76,
9.74,
11.18,
11.42,
10.55,
10.21,
11.1,
11.57,
11.75,
9.97,
10.99,
9.02,
8.87,
10.38,
10.84,
12.1,
6,
10.71,
11.5,
7.36,
7.43,
12.09,
7.67,
12.2,
10.08,
4.36,
10.94,
10.59,
10.32,
10.47,
11.52,
11.32,
12.7,
10.34,
10.77,
12.2,
10.26,
10.59,
10.11,
12.01,
12.48,
10.35,
10.25,
10.5,
10.64,
10.39,
11.49,
11.55,
11.36,
10.95,
10.79,
10.62,
9.35,
10.23,
9.23,
10.01,
7.29,
10.67,
11.62,
10.98,
7.02,
10.8,
11.57,
10.88,
11.17,
8.83,
12.49,
10.67,
9.26,
9.73,
10.95,
11.23,
11.09,
9.89,
9.42,
11.23,
6.8,
10.75,
8.54,
11.87,
10.03,
10.54,
11.64,
11.43,
12.64,
10.56,
8.51,
9.97,
11.35,
11.19,
11.17,
10.25,
12.67,
11.97,
11.04,
8.98,
10.03,
11.68,
11.29,
11.54,
11.26,
11.57,
13.47,
9.83,
10.57,
9.84,
6.92,
10.72,
10.74,
10.91,
11.76,
10.41,
10,
10.88,
7.83,
9.29,
11.12,
12.84,
10.68,
10.77,
11.57,
12.4,
11.06,
9.97,
6.48,
9.4,
10.08,
9.14,
9.81,
7.65,
8.65,
8.54,
9.74,
7.36,
10.48,
9.78,
10.55,
10.23,
11.44,
11.17,
11.16,
11.26,
11.6,
12.2,
10.92,
11.01,
11.74,
12.29,
9.8,
9.51,
12.07,
11.45,
10.17,
10.16,
11.69,
9.86,
12.13,
9.86,
9.48,
11.4,
7.95,
5.25,
9.68,
5.58,
5.79,
10.56,
7.2,
8.83,
8.36,
9.01,
5.02,
7.29,
7.84,
8.09,
7.95,
3.79,
6.19,
6.79,
7.64,
7.21,
4.74,
5.18,
7.32,
4.63,
7.27,
7.21,
8.03,
5.15,
7.86,
7.43,
9.22,
10.97,
5.37,
9.02,
3.31,
5.58,
4.91,
6.33,
6.56,
5.35,
6.65,
5.21,
7.47,
6.71,
5.24,
6.05,
7.2,
7.46,
9.87,
5.16,
6.49,
3.69,
5.44,
6.19,
5.22,
6.47,
5.24,
4.7,
5.01,
9.35,
8.7,
5.97,
7.82,
6.99,
6.07,
6.55,
8.33,
4.45,
6.76,
7.05,
2.52,
5.52,
9.19,
6.65,
4.96,
4.51,
6.47,
6.86,
7.29,
5.7,
4.54,
7.74,
5.54,
5.32,
5.96,
6.58,
5.07,
9.69,
6.69,
8.82,
9.03,
4.31,
7.37,
8.05,
4.14,
4.79,
6.77,
6.71,
7.35,
4.24,
4.43,
3.89,
3.72,
4.61,
5.86,
5.98,
8.32,
6.2,
4.59,
6.94,
5.71,
7.07,
8.57,
6.13,
2.69,
8.36,
7,
6.05,
6.56,
4.49,
6.24,
6.48,
4.92,
3.58,
4.62,
5.84,
9.14,
5.76,
3.87,
8.21,
7.15,
4.76,
7.15,
8.15,
4.29,
3.77,
5.07,
3.48,
6.82,
6.76,
2.61,
8.93,
8.26,
6.59,
11.33,
9.77,
5.29,
8.9,
10.77,
8.82,
8.43,
6.34,
3.72,
6.94,
8.96,
7.97,
5.85,
4.22,
6.7,
11.44,
8.49,
6.81,
7.24,
7.32,
10.81,
7.64,
3.73,
10.03,
4.51,
10.16,
8.19,
12.09,
5.93,
6.82,
8.13,
8.39,
7.98,
7.74,
9.13,
4.28,
4.85,
4.94,
6.69,
5.32,
9.42,
6.31,
3.45,
10.13,
7.17,
5.21,
6.55,
7.6,
6.68,
6.35,
3.57,
5.26,
8.65,
6.66,
9.24,
2.33,
6.27,
6.72,
6.69,
7.84,
9.07,
6.79,
4.75,
6.66,
4.56,
7.73,
8.08,
5.82,
7.96,
5.1,
10.77,
6.24,
5.94,
3.83,
4.99,
4.99,
5.63,
9.1,
4.62,
4.19,
6.58,
9.67,
7.57,
6,
5.64,
8.83,
7.23,
6.5,
4.31,
7.78,
4.7,
4.32,
5.9,
4.08,
6.07,
6.42,
6.57,
7.24,
6.53,
8.88,
6.33,
7.82,
6.14,
4.28,
6.46,
9.07,
7.93,
5.09,
4.65,
9.24,
7.64,
6.17,
6.22,
6.16,
6.44,
6.68,
6.37,
3.28,
5.78,
8.73,
5.48,
4.44,
7.37,
8.05,
6.14,
5.77,
6.94,
6.09,
6.92,
7.26,
6.61,
5.4,
6.71,
7.37,
3.8,
6.17,
2.03,
6.76,
6.9,
8.62,
5.53,
6.63,
7.18,
5.7,
5.41,
8.62,
7.48,
3.72,
7.53,
11.44,
8.32,
5.97,
7.65,
9.73,
5.26,
6.89,
6.68,
6.93,
5.09,
7.12,
4.67,
6.08,
8.66,
7.35,
5.19,
7.04,
3.96,
4.97,
4.63,
5.17,
5.49,
7.96,
3.78,
5.68,
10.81,
7.87,
9.36,
7.36,
7.3,
5.76,
5.8,
6.04,
9.85,
9.29,
6.27,
6.88,
6.76,
4.85,
6.16,
6.63,
4.87,
5.71,
4.89,
5.81,
7.63,
7.48,
7.22,
6.13,
6.54,
7.67,
4.78,
7.62,
6.87,
6.25,
6.1,
6.34,
4.44,
8.02,
6,
6.7,
6.91,
5.89,
9.99,
9.37,
9.05,
9.02,
4.15,
6.5,
7.98,
6.76,
6.35,
7.42,
8.97,
6.4,
8.38,
7.42,
10.91,
5.44,
5.7,
6.19,
6.25,
6.87,
7.82,
4.83,
6.21,
7.9,
5.91,
10.24,
4.88,
9.41,
6.06,
11.04,
8.94,
7.59,
4.93,
8.08,
5.68,
8.14,
7.68,
4.77,
5.62,
8.73,
6.39,
9.01,
5.16,
6.3,
5.9,
7.41,
7.27,
5.63,
8.65,
7.58,
5.67,
4.73,
8.44,
3.95,
9.91,
5.51,
6.75,
7.44,
5.53,
5.87,
3.36,
7.33,
6.16,
8.87,
4.66,
8.63,
5.86,
8.19,
8.66,
3.77,
6.32,
6.78,
6.74,
6.35,
8.19,
6.83,
6.61,
8.99,
9.05,
5.93,
5.06,
8.23,
8.6,
4.92,
4.31,
7.87,
4.78,
3.14,
4.53,
5.43,
6.46,
6.73,
5.03,
4.38,
7.7,
3.95,
3.82,
5.73,
7.83,
8.31,
3.75,
3.03,
9.39,
11.3,
8.4,
10.21,
9.77,
2.79,
6.63,
10.07,
8.44,
5.3,
7.65,
9.73,
6.73,
6.92,
4.4,
6.63,
11.3,
11.08,
11.55,
12.66,
12.64,
12.34,
12.62,
13.05,
13.63,
12.7,
12.51,
12.78,
12.28,
13.03,
11.44,
12.77,
12.7,
13.2,
9.75,
12.5,
12.11,
11.86,
13.02,
13.83,
12.55,
11.97,
12.08,
12.44,
12.46,
12.03,
13.63,
11.25,
13.45,
13.69,
13.75,
13.1,
12.25,
12.74,
14.46,
12.64,
13.65,
12.92,
12.19,
13.14,
13.29,
13.73,
13.15,
14.46,
11.83,
13.54,
11.48,
13.27,
12.22,
10.47,
12.58,
13,
12.66,
13.23,
13.83,
13.29,
12.1,
13.29,
13.43,
12.56,
12.2,
13.17,
12.67,
13.68,
10.87,
12.87,
12.16,
12.42,
12.89,
13.34,
13.34,
14.16,
14.39,
13.21,
13.12,
12.9,
12.64,
12.42,
13.28,
12.09,
11.82,
12.37,
11.48,
11.26,
11.25,
13.22,
12.3,
12.21,
12.33,
12.77,
11.89,
13.08,
12.63,
11.54,
10.78,
10.91,
12.8,
13.39,
13.42,
10.6,
12.47,
13.23,
13.75,
12.88,
13.56,
12.29,
11.55,
13.13,
13.85,
13.13,
12.37,
12.06,
12.14,
11.17,
12.32,
11.55,
12.09,
13.81,
12.43,
13.06,
14.1,
12.14,
11.55,
12,
12.83,
13.3,
12.21,
12.6,
13.68,
11.44,
12.62,
12.34,
11.76,
9.96,
12.75,
12.86,
9.94,
12.15,
12.74,
11.7,
13.33,
6.93,
12.55,
13.3,
11.13,
14.23,
12.93,
13.66,
12.51,
12.53,
14.16,
12.04,
12.39,
12.13,
13.44,
12.61,
12,
12.1,
13.48,
11.9,
11.88,
13.43,
13.12,
12.82,
12.58,
13.32,
12.5,
13.71,
12.73,
12.33,
13.3,
12.37,
13.27,
13.67,
14.1,
13.05,
12.52,
12.76,
11.92,
13.75,
12.1,
12.35,
12.89,
11.27,
13.85,
13.68,
12.9,
12.69,
13.31,
13.61,
13.5,
14.08,
13.72,
14.23,
12.94,
13.62,
12.56,
13.78,
11.25,
12.4,
12.92,
13.31,
11.03,
10.99,
13.52,
11.82,
12.8,
12.35,
13.31,
12.84,
12.75,
13.11,
12.94,
12.94,
12.48,
13.9,
10.28,
12.41,
12.58,
12.8,
13.35,
12.33,
12.27,
12.99,
12.59,
12.64,
12.78,
13.03,
12.34,
13.62,
12.26,
11.33,
11.2,
13.03,
10.54,
12.59,
12.07,
11.74,
12.77,
11.43,
11.96,
13.24,
12.42,
14.58,
13.2,
11.09,
11.93,
14.34,
13.25,
14.05,
12.43,
14.14,
10.5,
12.41,
12.65,
13.51,
10.7,
12.87,
13.46,
11.49,
12.37,
14.06,
12.75,
12.57,
11.8,
13.73,
12.95,
13.7,
13.8,
13.72,
13.37,
13.21,
13.86,
12.71,
13.08,
12.39,
14.24,
13.13,
14.02,
13,
14.39,
13.25,
12.82,
13.29,
9.79,
13.48,
13.15,
10.8,
13.22,
13.37,
13.92,
14.73,
12.77,
12.58,
13.5,
12.36,
12.24,
14.1,
12.81,
12.05,
14.11,
13.63,
13.95,
11.54,
11.38,
12.05,
11.43,
12.98,
13.66,
13.98,
13.31,
13.58,
11.95,
12.25,
13.36,
13.35,
13.74,
12.42,
14.11,
14.32,
11.95,
14.45,
14.34,
13.67,
14.47,
13.69,
12.95,
13.7,
12.28,
11.96,
11.54,
13.52,
12.14,
13.14,
11.49,
12.81,
13.98,
12.78,
11.63,
12.84,
13.6,
13.63,
13.48,
14.33,
13.46,
13.45,
13.26,
12.37,
11.67,
13.27,
12.92,
11.14,
11.18,
12.75,
11.37,
12.7,
12.93,
13.92,
11.44,
13.63,
13.38,
14.38,
13.96,
13.99,
12.88,
13.61,
11.56,
12.57,
11.84,
12.87,
13.39,
13.19,
14.18,
10.88,
13.45,
12.09,
11.77,
13.63,
10.35,
13.54,
12.96,
11.54,
11.72,
12.48,
12.34,
12.7,
11.54,
11.78,
13.69,
11.66,
12.73,
13.19,
12.74,
13.58,
12.67,
13.96,
12.86,
10.86,
11.44,
13.49,
11.99,
13.51,
13.15,
11.49,
12.5,
11.1,
12.54,
12.7,
13.15,
12.78,
12.43,
10.54,
11.21,
12.79,
8.44,
11.7,
12.09,
13.08,
13.98,
12.42,
13.82,
11.64,
11.99,
13.69,
12.69,
11.46,
13.44,
14.15,
13.23,
13.79,
13.33,
13.34,
13.32,
12.46,
13.07,
13.09,
12.72,
13.45,
12.16,
13.61,
12.46,
12.43,
12.61,
11.7,
9.38,
14.06,
11.38,
12.66,
13.08,
13.17,
13.73,
12.33,
12.77,
12.68,
13.81,
10.41,
12.2,
12.39,
11.43,
14.09,
13.38,
11.55,
13.38,
13.5,
12.65,
8.96,
12.65,
12.66,
11.82,
11.84,
12.65,
12.57,
13.4,
14.08,
13.12,
13.93,
13.74,
12.32,
12.9,
8.97,
12.95,
11.49,
12.19,
12.75,
12.08,
11.6,
12.89,
13.25,
13.54,
13.18,
12.72,
12.88,
7.88,
11.01,
13.06,
12.73,
13.06,
11.29,
11.38,
12.72,
13.78,
13.18,
11.89,
13.34,
12.25,
13.42,
13.23,
12.06,
13.29,
12.27,
12.99,
12.42,
12.24,
11.71,
10.67,
12.66,
12.57,
12.37,
12.78,
13.86,
12.4,
14.32,
12.97,
10.85,
13.35,
13.31,
13.57,
8.9,
11,
13.56,
11.7,
11.42,
13.55,
12.68,
11.82,
12.42,
12.54,
13.09,
12.39,
11.98,
14.4,
11.85,
11.52,
12.46,
13.35,
13.59,
12.77,
13.71,
13.37,
10.42,
12.58,
12.69,
12.35,
13.83,
12.89,
11.18,
12.43,
11.47,
10.76,
13.02,
13.53,
12.33,
8.26,
10.35,
9.5,
8.98,
10.44,
8.84,
9.1,
10.34,
10.51,
9.02,
8.99,
8.71,
10.21,
8.97,
9.59,
8.67,
12.31,
9.06,
10.27,
10.38,
9.88,
9.53,
9.95,
7.3,
9.23,
9.04,
8.3,
11.65,
10.49,
10.92,
9.69,
9.19,
10.4,
8.13,
12.09,
10.11,
11.92,
10.19,
10.16,
10.23,
8.92,
9,
11.07,
9.32,
10.86,
10.43,
9.1,
10.36,
9.46,
8.71,
10.24,
11.56,
10.48,
9.64,
10.51,
10.88,
9.14,
9.43,
11.51,
9.8,
10.24,
9.06,
10.72,
10.04,
10.87,
10.49,
9.69,
9.98,
9.55,
8.95,
8.84,
9.84,
10.14,
9.02,
8.98,
10.39,
10.42,
9.1,
10.69,
9.2,
10.1,
10.08,
10.76,
8.16,
8.59,
9.9,
10.09,
7.76,
9.72,
9.92,
10.78,
9.94,
10.8,
7.95,
9.93,
8.75,
9.46,
11.13,
9.91,
10.23,
9.69,
10.34,
10.41,
10.91,
11.1,
9.11,
9.16,
10.41,
10.39,
8.62,
11.44,
11.38,
9.89,
9.15,
12.01,
9.94,
10.06,
9.14,
10.15,
9.73,
8.56,
11.19,
10.08,
9.46,
11.08,
9.53,
9.84,
10.07,
12.14,
10.34,
9.02,
9.87,
7.8,
10.6,
9.53,
10.38,
9.53,
9.99,
11.33,
7.52,
8.82,
13.02,
10.37,
10.22,
8.48,
8.63,
7.01,
9.22,
10.3,
9.8,
8.31,
10.67,
8.94,
10.1,
10.62,
6.92,
9.9,
9.95,
9.15,
11.71,
10.11,
9.34,
9.2,
7.75,
9.8,
10.13,
9.28,
8.84,
7.85,
9.08,
11.35,
8.28,
8.89,
12.01,
10.34,
9.59,
10.92,
9.57,
11.53,
8.24,
11.03,
9.93,
9.83,
10.01,
8.58,
8.02,
11.02,
12.88,
9.28,
9.74,
10.36,
9.34,
10.7,
9.28,
10.22,
12.02,
8.94,
10.46,
8.26,
11.78,
9.48,
9.39,
10.55,
9.97,
10.17,
10.19,
9.58,
8.18,
9.27,
11.02,
11.55,
10.09,
10.77,
9.28,
9.78,
9.36,
8.86,
9.53,
8.78,
8.36,
10.09,
9.88,
9.53,
9.75,
9.47,
10.08,
9.29,
9.74,
10.93,
7.37,
8.54,
9.69,
9.46,
9.4,
9.05,
7.23,
9.88,
9.32,
9.28,
9.41,
9.8,
10.66,
10.17,
11.09,
8.55,
10.16,
10.95,
9.88,
9.16,
10.23,
9.7,
10.56,
9.26,
10.25,
9.5,
9.58,
9.88,
9.55,
10.59,
9.52,
10.23,
9.42,
8.23,
9.73,
8.67,
7.94,
9.54,
9.86,
8.41,
9.11,
10.53,
10.06,
8.18,
8.62,
10.4,
10.39,
8.88,
10.59,
13.44,
9.05,
9.36,
9.97,
8.65,
9.13,
9.45,
8.91,
10.66,
8.63,
8.97,
9.6,
10.12,
10,
9.57,
10.72,
9.42,
12.23,
9.03,
9.22,
10.85,
10.04,
10.71,
10.85,
8.86,
9.62,
11.42,
9.08,
9.67,
9.79,
8.67,
10.4,
9.61,
8.7,
8.78,
10.7,
10.02,
9.42,
9.66,
9.48,
9.25,
8.9,
8.53,
11.69,
10.71,
9.08,
9.8,
11.06,
7.75,
10.63,
9.95,
9.94,
9.79,
10.88,
8.61,
8.1,
9.59,
9.93,
10.15,
7.8,
8.11,
7.89,
9.58,
8.44,
8.68,
8.37,
7.78,
10.32,
8.09,
9.17,
8.97,
9.59,
9.77,
10.49,
9,
8.13,
9.67,
9.17,
9.13,
9.64,
8.89,
10.65,
8.48,
9.91,
9.99,
9.17,
7.2,
8.65,
10.04,
9.33,
9.54,
6.75,
12.03,
9.88,
11.11,
6.76,
10.82,
9.44,
8.75,
8.92,
6.26,
9.15,
9.32,
10.51,
9.67,
9.32,
8.09,
10.07,
10.08,
10.43,
8.95,
8.47,
8.52,
9.94,
10.21,
10.29,
9.03,
10.7,
8.82,
8.49,
9.07,
8.67,
10.76,
9.2,
10.64,
8.91,
9.73,
8.44,
7.71,
10.11,
9.76,
9.96,
8.91,
10.05,
9.23,
11.65,
8.47,
9.58,
9.64,
10.38,
8.35,
8.73,
8.94,
10,
7.75,
9.77,
9.37,
6.59,
8.3,
10.69,
8.2,
9.23,
10.04,
10,
9.08,
10.01,
8.95,
9.69,
10.52,
9.21,
7.85,
8.59,
10.89,
10.52,
10.69,
9.99,
8.02,
8.68,
10.76,
11.18,
10.82,
10.03,
9.4,
10.37,
9.57,
9.69,
8.65,
10.63,
7.55,
8.74,
10.16,
10.58,
8.72,
10.45,
9.82,
9.39,
9,
8.67,
8.28,
9.22,
7.48,
7.3,
8.74,
9.89,
8.62,
9.26,
9.47,
7.69,
8.79,
9.49,
8.45,
9.62,
11.97,
7.22,
10.03,
7.82,
8.66,
9.13,
9.18,
9.18,
9.84,
9.14,
7.27,
10.08,
9.52,
10.05,
10.26,
9.55,
10.51,
8.25,
9.45,
6.56,
8.78,
9.66,
7.8,
8.65,
9.48,
10.39,
10.22,
9.81,
9.65,
10.91,
10.55,
9.26,
10.42,
11.19,
10.64,
9.09,
8.89,
8.28,
9.1,
6.43,
9.75,
7.5,
9.04,
8.35,
9.56,
10.7,
8.18,
8.84,
9.59,
4.31,
11.32,
8.43,
9.75,
9.58,
9.92,
5.46,
8.59,
8.9,
8.97,
8.76,
8.3,
9.9,
6.54,
8.69,
7.33,
7.3,
8.3,
8.8,
9.18,
9.05,
8.24,
6.77,
9.74,
8.7,
7.83,
8.15,
9.69,
6.96,
8.76,
8.43,
8.78,
8.71,
11.91,
8.2,
8.95,
9.52,
8.31,
9.57,
11.84,
10.8,
10.23,
8.09,
9.79,
8.56,
8.9,
10.46,
9.4,
9.11,
8.68,
8.99,
7.9,
8.64,
7.21,
8.26,
9.3,
8.58,
8.64,
8.94,
8.51,
10.28,
9.79,
9.86,
9.06,
10.04,
9.78,
5.26,
8.44,
8.93,
9.87,
7.66,
9.69,
7.87,
9.22,
8.62,
9.33,
9.56,
8.94,
5.89,
9.13,
7.29,
7.52,
8.47,
10.34,
8.36,
8.62,
13.92,
7.99,
7.98,
10.17,
9.21,
10.25,
8.66,
9.74,
9.67,
10.15,
9.51,
9.63,
9.06,
9.98,
9.39,
9.11,
9.77,
6.89,
9.89,
7.81,
6.36,
9.53,
6.31,
10.82,
8.64,
11.04,
8.32,
10.3,
8.58,
7.76,
7.56,
8.2,
9.11,
9.92,
6.64,
7.89,
10.42,
7.72,
8.18,
11.5,
10,
9.91,
9.94,
8.41,
8.59,
9.86,
7.94,
7.77,
10.82,
10.77,
8.62,
9.74,
8.82,
10.52,
9.02,
9.62,
9.27,
6.64,
10.3,
7.53,
9.93,
10.48,
8.29,
8.51,
9.61,
8.96,
8.32,
9.08,
8.71,
7.92,
7.93,
10.02,
9.5,
9.38,
9.37,
11.44,
10.96,
9.93,
10.15,
10.26,
9.77,
9.58,
10.72,
9.1,
7.41,
9.39,
7.82,
9.2,
8.58,
8.08,
8.77,
9.03,
10.5,
10.51,
9.68,
10.66,
9,
8.41,
7.86,
9.61,
6.11,
11.07,
8.81,
10.86,
9.92,
9.07,
10.16,
9.96,
9.18,
7.69,
11.03,
8.25,
8.24,
8.17,
10.34,
8.16,
8.59,
9.61,
11.12,
9.45,
8.6,
7.02,
9.7,
10.12,
7.25,
9.31,
8.55,
6.03,
9.02,
9.76,
8.64,
14.32,
6.7,
9.84,
9.4,
9.49,
8.47,
8.94,
9.02,
8.46,
6.83,
8.93,
7.2,
8.45,
9.72,
7.92,
9.61,
7.81,
9.97,
10.09,
8.75,
12.61,
8.67,
8.56,
8.65,
8.6,
9.39,
7.39,
9.87,
9.62,
9.37,
9.03,
10.76,
7.87,
11.36,
9.72,
10.47,
10.33,
9.37,
10.24,
9.4,
12.01,
9.75,
7.98,
9.12,
6.83,
8.93,
8.58,
7.27,
7.53,
8.8,
10.03,
9.5,
8.22,
8.54,
9.57,
9.95,
10.8,
8.91,
9.02,
10.88,
8.67,
8.71,
10.09,
7.43,
10.68,
10.12,
10.45,
8.32,
8.95,
8.46,
10.22,
8.85,
10.91,
8.85,
7.19,
9.73,
8.49,
10.42,
9.49,
8.7,
6.82,
8.23,
7.04,
5.75,
9.16,
9.78,
9.29,
7.67,
9.01,
9.36,
9.36,
8.65,
10.07,
5.65,
12.38,
11.49,
12.71,
11.97,
11.66,
12.42,
11.78,
12.13,
12.26,
11.26,
12.35,
11.27,
7.72,
11.63,
11.71,
12.11,
10.93,
12,
12.87,
13.28,
12.44,
12.14,
7.78,
11.27,
11.85,
10.86,
11.07,
10.25,
12.65,
7.33,
7.15,
7.59,
7.42,
5.05,
6.93,
12.31,
6.39,
11.32,
11.93,
12.63,
11.66,
11.96,
13.25,
8.97,
11.14,
10.54,
12.68,
11.34,
11.96,
11.8,
10.97,
12.31,
12.89,
10.86,
12.23,
11.15,
13.12,
12.29,
9.69,
13.29,
11.35,
12.61,
13.41,
11.55,
12.76,
12.61,
12.6,
12.97,
9.8,
11.71,
5.37,
12.27,
13.04,
9.67,
12.65,
11.41,
12.32,
12.13,
12.12,
11.16,
12.39,
12.75,
11.07,
13.29,
11.17,
12.93,
11.8,
13.48,
11.18,
13.45,
11.35,
11.26,
11.12,
10.8,
12.61,
12.43,
11.6,
11.6,
10.75,
13.21,
11.33,
11.36,
11.82,
11.68,
12.49,
11.45,
12.02,
11.59,
12.75,
12.72,
12.28,
13.1,
13.21,
11.89,
12.41,
11.54,
12.25,
12.1,
11.39,
11.49,
11.15,
12.66,
12.41,
10.87,
12.08,
11.88,
11.51,
12.01,
10.35,
10.15,
12.29,
12.31,
13.17,
11.1,
10.95,
10.68,
12.09,
12.18,
13.19,
13.43,
10.96,
12.2,
12.18,
11.33,
11.55,
9.84,
10.37,
11.47,
12.26,
8.8,
11.96,
10.96,
12.79,
10.86,
10.91,
12.56,
11.14,
12.41,
9.12,
13.09,
12.06,
11.64,
11.32,
13.11,
12.33,
12.08,
11.59,
12.55,
12.63,
13.38,
12.62,
10.63,
10.44,
9.85,
11.58,
12.37,
11.12,
10.48,
12.09,
11.68,
11.66,
13.2,
10.82,
6.77,
7.35,
4.71,
3.1,
6.17,
5.7,
9.08,
5.66,
8.48,
6.02,
7.22,
4.59,
9.12,
8.54,
5.75,
6.09,
10.83,
3.85,
9.6,
2.65,
4.07,
9.94,
4.88,
2.8,
3.71,
7.04,
5.57,
5.41,
7.81,
6.22,
6.53,
5.98,
3.36,
4.57,
4.11,
9.81,
4.92,
4.67,
4.7,
5.84,
7.4,
3.46,
7.57,
4.96,
7.08,
4.35,
4.77,
8.24,
7.26,
9.58,
6.82,
5.47,
7.28,
7.12,
6.32,
6.32,
8.45,
7.58,
7.53,
5.55,
6.13,
6.16,
6.27,
8.29,
7.51,
7.03,
9.47,
4.59,
7.55,
6.7,
8.6,
3.22,
5.87,
8.72,
9.41,
2.9,
3.8,
6.31,
5.38,
8.04,
6,
4.05,
4.3,
5.38,
5.85,
9.17,
8.48,
8.99,
5.75,
10.33,
8.04,
9.63,
6.1,
5.54,
3.12,
7.04,
2.66,
7.37,
5.86,
4.95,
6.12,
6.48,
5.46,
9.17,
3.59,
3.04,
5.74,
4.65,
8.2,
6,
2.78,
5.88,
3.85,
4.02,
5.44,
5.19,
4.05,
5.06,
6.83,
5.49,
7.37,
5.14,
7.19,
8.2,
3.2,
8.12,
4.16,
9.17,
9.98,
5.49,
2.86,
7.51,
3.94,
6.22,
10.45,
11.65,
7.24,
8.34,
6.45,
8.82,
3.65,
5.17,
5.26,
7.85,
4.33,
8.16,
2.38,
5.23,
7.46,
6.17,
7.91,
7.41,
6.97,
5.71,
7.43,
8.54,
8.01,
4.08,
6.64,
2.58,
3.33,
3.25,
10.1,
6.53,
6.98,
8.89,
9.69,
4.91,
5.84,
7.73,
7.23,
8.13,
6.02,
5.73,
5.19,
5.33,
7.02,
7.42,
8.31,
8.03,
8.71,
3.92,
9.51,
6.02,
6.46,
7.51,
8.05,
8.84,
7.51,
8.1,
4.87,
7.11,
6.02,
5.14,
8.61,
6.14,
8.17,
4.03,
5.63,
7.73,
7.67,
6.11,
9.99,
6.16,
7.57,
7.4,
5.25,
2.91,
5,
6.66,
7.71,
4.46,
7.25,
8.29,
4.29,
9.14,
8.67,
4.6,
6.95,
7.81,
5.93,
8.14,
7.14,
4.77,
10.15,
5.64,
5.03,
8.11,
6.16,
6.57,
4.28,
9.3,
5.41,
4.17,
2.28,
4.77,
4.22,
5.41,
5.73,
3.76,
6.86,
7.74,
8.09,
7.84,
5.86,
7.85,
6.99,
8.12,
4.63,
6.45,
6.04,
6.02,
5.18,
7.4,
9.25,
5.57,
6.82,
5.07,
10.73,
7.46,
12.69,
5.6,
5.87,
7.98,
9.23,
11.51,
14.1,
13.45,
12.48,
13.41,
11.85,
13.94,
12.14,
13.69,
12.17,
13.01,
13.69,
14.24,
13.66,
13.94,
14.02,
11.65,
13.7,
12.68,
11.63,
12.96,
12.61,
13.26,
12.39,
11.91,
12.93,
12.69,
13.51,
12.38,
10.3,
13.72,
10.9,
12.86,
11.54,
12.14,
13.95,
11.71,
12.94,
13.58,
12.96,
13.36,
13.76,
13.5,
13.68,
13.44,
12.37,
13.23,
12.65,
12.92,
12.33,
13.28,
13.26,
11.69,
11.97,
11.82,
12.1,
13.46,
13.08,
13.43,
10.91,
12.74,
11.6,
11.43,
9.81,
12.86,
14.22,
12.8,
14.08,
12.93,
13.9,
11.1,
12.92,
14.22,
13.02,
11.9,
14.26,
13.26,
14.09,
13.29,
12.84,
12.59,
13.65,
13.37,
13.75,
12.3,
12.43,
13.02,
11.7,
13.95,
12.46,
11.51,
13.27,
13.18,
13.17,
12.99,
13.64,
14.67,
11.92,
12.84,
13.09,
11.11,
12.95,
12.14,
12.56,
13.22,
10.98,
12.96,
10.93,
14.07,
13.88,
13.73,
13.03,
12.51,
13.22,
13.16,
14.21,
12.26,
13.08,
11.2,
14.44,
13.67,
13.41,
12.7,
12.28,
13.83,
13.75,
12.99,
13.04,
10.68,
12.55,
13.65,
13.39,
14.32,
12.15,
13.77,
13.53,
11.8,
13.65,
12.64,
12.54,
13.64,
13.99,
12.91,
13.33,
13.71,
12.24,
10.46,
12.23,
13.42,
13.62,
11.63,
13.42,
14.55,
13,
8.07,
14.03,
10.93,
12.94,
12.78,
11.88,
12.21,
13.67,
13.89,
9.64,
14.26,
13.44,
12.07,
13.1,
13.45,
7.5,
13.79,
12.13,
9.52,
10.5,
14.19,
11.63,
13.45,
14.69,
13.26,
10.8,
12.43,
14.27,
13.32,
12.13,
11.39,
12.97,
13.58,
11.42,
13.17,
12.35,
12.3,
13.52,
12.91,
13.79,
12.87,
13.83,
12.67,
10.08,
13.06,
11.24,
11.68,
13.22,
11.67,
13.11,
13.1,
12.1,
13.62,
13.75,
12.18,
11.18,
13.59,
12.69,
13.14,
12.77,
11.97,
13.12,
10.61,
12.38,
9.19,
12.56,
13.45,
12.74,
12.34,
12.45,
13.25,
13.39,
13.84,
13.73,
13.8,
11.38,
12.72,
12.78,
12.63,
12.54,
13.89,
12.85,
12.49,
13.44,
11.78,
13.79,
13.86,
12.28,
12.95,
11.78,
14.29,
12.63,
14.09,
11.99,
13.56,
13.1,
12.83,
14.02,
13.12,
11.42,
12.88,
12.58,
13.77,
13.06,
12.34,
12.06,
13.78,
12.09,
13.51,
13.24,
13.2,
12.1,
12.47,
11.01,
13.53,
9.35,
11.22,
13.19,
11.71,
10.51,
12.7,
13.47,
10.12,
12.56,
12.34,
8.43,
13.16,
12.95,
12.93,
12.21,
10.69,
12.03,
13.23,
13.19,
13.18,
13.22,
12.24,
14.09,
13.78,
11.05,
12.44,
14.18,
12.88,
13.44,
12.62,
10.13,
13.33,
13.35,
13.22,
14.49,
13.29,
13.44,
12.04,
12.85,
12.46,
12.41,
12.46,
13.17,
13.39,
11.66,
12.49,
11.95,
12.89,
12.65,
13.3,
13.16,
12.82,
13.7,
13.5,
13.04,
12.12,
13.41,
13.8,
12.24,
13.67,
12.11,
13.49,
12.67,
13.61,
12.44,
12.56,
12.94,
13.01,
13.83,
13.67,
13.98,
13.69,
13.32,
12.71,
14.23,
13.57,
13.02,
13.06,
13.29,
13.78,
13.03,
13.35,
12.78,
13.29,
13.72,
13.82,
13.31,
13.06,
13.35,
13.31,
13.14,
12.47,
12.43,
13.29,
12.68,
11.53,
12.96,
13.03,
12.73,
12.43,
12.71,
12.48,
12.74,
13.59,
12.62,
13.55,
12.75,
13.35,
13.24,
13.54,
13.48,
13.47,
13.47,
13.8,
13.79,
13.75,
13.51,
12.4,
13.54,
13.44,
13.68,
12.87,
13.32,
12.72,
13.57,
13.2,
13.64,
12.79,
13.22,
12.38,
12.93,
12.85,
12.9,
13.23,
13.41,
13.49,
13.16,
11.77,
11.81,
12.32,
12.21,
13.02,
13.32,
12.56,
12.41,
12.97,
11.73,
13.12,
12.8,
12.67,
13.25,
12.45,
12.9,
12.99,
12.86,
12.37,
11.99,
13.1,
12.91,
13.15,
10.42,
13.51,
12.55,
12.83,
13.06,
13.3,
13.06,
13.27,
12.68,
10.97,
14.36,
12.86,
12.1,
12.76,
12.4,
13.02,
12.87,
13.38,
13.21,
13.65,
13.5,
13.21,
12.91,
12.31,
13.46,
13.56,
12.31,
13.18,
10.68,
13.86,
12.43,
12.86,
13.47,
13.15,
12.36,
13.41,
12.63,
12.98,
12.87,
12.54,
11.32,
13.82,
13.25,
12.14,
12.8,
13.16,
13.34,
13.88,
13.46,
13.73,
12.94,
13.27,
13.13,
12.56,
13.89,
12.64,
12.87,
12.72,
13.19,
12.97,
13.8,
13.07,
13.37,
14.01,
13.75,
13.33,
13.67,
13.14,
13.02,
13.5,
13.13,
13.67,
13.15,
13.16,
12.78,
12.37,
13.08,
13.35,
13.64,
13.34,
14.36,
12.78,
12.5,
12.48,
11.99,
13.4,
13.6,
13.08,
12.17,
13.31,
14.23,
12.78,
12.76,
13.07,
13.57,
12.19,
12.85,
12.78,
13.05,
13.57,
13.05,
12.79,
13.77,
13.31,
13.56,
12.28,
11.95,
12.34,
13.41,
13.14,
12.36,
13.28,
12.18,
12.04,
12.32,
13.57,
12.71,
13.54,
13.55,
13.52,
12.75,
13.16,
13.84,
13.33,
13.94,
13.14,
12.32,
12.44,
12.88,
12.29,
12.85,
13.34,
12.73,
12.98,
13.41,
13.03,
13.06,
12.55,
14.18,
13.13,
13.04,
12.71,
13.35,
12.52,
12.41,
12.81,
13.08,
12.85,
11.49,
12.49,
11.5,
12.29,
12.99,
12.69,
13.42,
13.29,
12.23,
13.23,
13,
12.92,
13.03,
12.46,
12.7,
13.97,
12.68,
13.44,
12.52,
13.85,
11.43,
14.45,
12.59,
13.52,
12.59,
13.21,
13.41,
12.92,
13.34,
13.11,
12.88,
13.84,
13.97,
13.25,
12.35,
13.39,
12.74,
13.33,
12.73,
13.5,
12.92,
12.75,
12.35,
12.6,
13.08,
13.02,
13.41,
12.78,
12.43,
12.96,
13.29,
12.69,
13.26,
12.12,
13.45,
14.15,
13.82,
13.62,
12.56,
12.56,
12.46,
10.75,
13.59,
13.16,
13.64,
9.14,
10.11,
12.92,
13.22,
12.79,
11.99,
12.35,
10.53,
12.59,
11.43,
13.61,
13.12,
12.64,
13.01,
13.59,
12.83,
11.61,
12.76,
13.33,
12.65,
12.33,
12.36,
13.8,
11.89,
13.27,
14.56,
13.22,
8.89,
12.44,
8.44,
13.48,
10.94,
11.83,
11.61,
12.27,
13.81,
11.01,
12.8,
10.82,
12.66,
12.95,
11.31,
10.43,
12.24,
11.38,
10.51,
10.54,
11.46,
9.72,
11.55,
12.18,
12.14,
12.55,
11.97,
13.04,
11.8,
12.9,
11.67,
11.55,
13.08,
10.45,
12.8,
12.26,
13.69,
10.23,
11.36,
13.62,
10.7,
8.72,
11.04,
13.29,
10.36,
11.25,
11.35,
12.08,
9.66,
11.03,
13.16,
11.13,
11.13,
10.22,
12.76,
11,
13.61,
12.9,
11.65,
5.63,
12.38,
13.24,
12.49,
11.66,
10.7,
11.6,
12.99,
10.3,
12.1,
13.02,
13.03,
12.19,
11.47,
12.72,
13.08,
13.05,
12.33,
12.21,
13.64,
11.65,
14.07,
12.11,
11.09,
11.76,
11.63,
12.87,
11.44,
12.74,
10.15,
12.92,
13.39,
10.51,
13.6,
10.73,
13.75,
13.04,
12.17,
12.49,
12.92,
10.59,
8.39,
12.69,
10.21,
11.75,
9.59,
10.14,
8.79,
12.98,
13.01,
14.26,
10.31,
14.06,
12.34,
12.31,
11.85,
13.13,
13.41,
13.09,
12.78,
10.24,
12.76,
10.36,
11.1,
12.66,
14.6,
12.35,
11.94,
11.07,
11.19,
10.98,
11.11,
12.26,
11.97,
10.94,
11.34,
12.18,
11.07,
12.5,
10.31,
10.02,
11.03,
12.72,
12.37,
11.41,
11.19,
10.19,
9.76,
11.54,
10.8,
10.96,
11.22,
11.54,
12.87,
11.99,
14.2,
12.53,
11.71,
13.01,
12.59,
10.91,
11.07,
12.33,
9.49,
12.41,
14.71,
13.35,
11.4,
13.3,
10.5,
13.32,
10.73,
12.51,
12.46,
12.48,
12.12,
12.97,
9.75,
13.35,
12.61,
13.07,
11.19,
10.6,
13.97,
12.48,
11.84,
12.64,
12.86,
11,
12.32,
10.4,
13.69,
10.34,
12.89,
11.17,
12.03,
11.81,
12.79,
13.04,
10.4,
12.51,
11.61,
9.85,
11,
11.44,
12.01,
12.88,
12.97,
12.19,
13.05,
11.2,
10.77,
11.54,
12.31,
12.92,
10.78,
10.81,
11.03,
11.71,
11.51,
11.21,
11.2,
12.76,
12.62,
14.16,
12.83,
10.91,
13.45,
12.46,
13.04,
12.12,
11.66,
10.96,
11.8,
10.39,
11.21,
12.2,
13.65,
12,
11.93,
11.93,
12.83,
12.77,
12.92,
11.17,
12.29,
11,
12.29,
11.35,
11.03,
11.47,
12.54,
11.2,
12.07,
11.62,
13.24,
12.74,
10.03,
11.29,
10.37,
11.46,
13.95,
12.69,
10.33,
13.96,
12.82,
12.43,
12.88,
11.22,
12.02,
13.11,
12.59,
10.18,
12.42,
12.05,
11,
13.74,
12.35,
12.56,
12.43,
12.78,
13.01,
12.5,
11.82,
11.51,
10.25,
12.92,
12.61,
11.24,
11.21,
13.94,
12.08,
8.71,
13.42,
12.28,
11.76,
11.7,
13.54,
10.02,
12.06,
8.69,
8.95,
8.84,
11.17,
12.08,
12.45,
12.92,
11.56,
11.84,
12.04,
11.7,
9.74,
13.27,
12.4,
12.4,
11.43,
12.14,
11.53,
12.31,
11.65,
12.57,
10.95,
12.35,
12.46,
12.04,
11.66,
10.43,
12.41,
12.84,
12.25,
13.05,
12.46,
12.53,
13.01,
12.43,
12.59,
12.57,
9.85,
11.46,
13.48,
11.55,
11.16,
14,
11.26,
13.1,
13.76,
12.9,
13.05,
11.2,
13.71,
12.95,
12.1,
12.76,
11.2,
12.07,
11.02,
12.69,
11.19,
13.28,
11.43,
12.38,
12.3,
11.38,
10.43,
12.15,
10.01,
12.41,
13.57,
12.95,
10.42,
13.58,
11.11,
10.93,
12.87,
13.76,
12.34,
11.55,
11.52,
12.24,
12.95,
13.31,
13.31,
13.26,
12.06,
10.26,
10.18,
14.65,
13.49,
12.31,
12.26,
12.12,
11.88,
12.7,
10.74,
13.57,
11.32,
10.02,
12.57,
12.84,
13.12,
13.06,
12.81,
10.64,
13.06,
9.87,
13.82,
11.91,
11.07,
10.15,
12.28,
12.43,
12.23,
13.68,
11.67,
12.03,
11.81,
10.52,
10.52,
11.09,
11.68,
11.59,
12.09,
12.28,
13.09,
12.37,
11.69,
14.4,
11.14,
11.24,
10.24,
12.87,
12.58,
12.55,
12.26,
11.62,
7.74,
12.29,
13.15,
13.11,
11.89,
9.26,
12.14,
14.01,
10.4,
11.78,
13.11,
11.53,
10.38,
12.37,
9.79,
11.15,
12.76,
11.96,
10.49,
8.34,
11.96,
12.96,
11.52,
12.3,
5.91,
13,
14.28,
11.8,
10.66,
11.3,
13.44,
13.63,
12.4,
11.59,
13.24,
12.24,
13.67,
12.63,
11.03,
12.84,
12.88,
11.88,
11.73,
12.01,
12.3,
10.21,
9.63,
12.09,
11.94,
12.19,
11.68,
10.15,
11.05,
11.75,
12.09,
13.33,
13.57,
12.22,
12.3,
12.52,
12.48,
13.3,
12.37,
10.84,
12.37,
13.4,
10.33,
13.52,
10.27,
10.06,
11.26,
11.88,
13.09,
13.1,
11.83,
12.31,
13.14,
12.86,
13.25,
12.07,
12.63,
8.44,
11.6,
12.47,
10.52,
11.55,
11.84,
13.63,
10.49,
13,
11.44,
13.04,
12.45,
12.28,
11.98,
13.64,
13.51,
13.23,
13.2,
11.53,
13.13,
14.14,
12.59,
14,
12.93,
12.77,
13.15,
13.53,
13.28,
13.56,
13.28,
12.04,
13.61,
13.13,
12.85,
12.36,
12.83,
13.22,
12.94,
13.5,
13.46,
13.1,
11.97,
13.4,
13.31,
14,
11.57,
12.87,
12.87,
12.74,
13,
12.98,
13.4,
13.96,
14.05,
12.8,
13.31,
13.09,
12.67,
13.28,
12.82,
12.02,
13.49,
11.6,
13.53,
13.27,
12.82,
13.83,
12.27,
12.68,
13.65,
12.99,
13.59,
13.56,
12.89,
12.89,
13.99,
14.55,
13.06,
13.19,
13.58,
13.37,
13.58,
12.65,
13.78,
13.83,
13.05,
13.65,
13.04,
14.02,
13.96,
13.26,
12.71,
13.66,
12.32,
11.81,
12.62,
12.07,
12.5,
12.5,
14.03,
12.89,
13.4,
13.9,
13.6,
13.16,
11.94,
12.64,
13,
12.24,
12.99,
13.5,
13.61,
12.36,
14.25,
8.08,
9.17,
7.87,
7.68,
6.04,
7.48,
8.04,
6.84,
7.11,
8.31,
7,
8.05,
6.81,
7.08,
7.1,
7.89,
8.02,
3.74,
6.3,
6.56,
7.46,
4.47,
8.68,
7.31,
8.3,
4.58,
7.75,
6.03,
8.2,
7.47,
7.94,
9.35,
8.29,
6.9,
7.89,
7.25,
8.53,
8.47,
6.82,
6.57,
9.85,
6.81,
6.09,
7.89,
8.17,
8.67,
8.68,
8.8,
7.21,
7.41,
6.92,
6.32,
7.8,
8.98,
7.7,
8.34,
8.45,
8.48,
8.84,
7.24,
6.62,
6.55,
7.07,
9.13,
8.9,
6.7,
7.36,
6.16,
7.32,
5.78,
9.07,
8.01,
8.21,
6.23,
7.11,
9,
9.65,
8.61,
7.75,
7.48,
9.24,
9.37,
8.25,
7.82,
8.43,
8.67,
7.19,
8.26,
8.31,
8.35,
7.67,
8.24,
8.53,
7.34,
7.87,
8.2,
5.21,
7.83,
10.23,
7.78,
7.36,
7.35,
6.11,
7.03,
6.57,
6.1,
8.87,
7.77,
8.25,
6.8,
9.04,
7.7,
7.96,
8.56,
7.65,
6.11,
7.2,
7.94,
7.13,
8.85,
5.59,
7.96,
7.62,
8.99,
5.72,
7.24,
6.84,
4.82,
5.24,
6.94,
6.23,
5.18,
7.56,
8.48,
7.13,
6.9,
8.02,
7.09,
7.67,
10.28,
7.11,
7.76,
6.82,
6.54,
6.76,
6.53,
8.11,
10.51,
7.5,
8.71,
6.65,
5.64,
7.92,
7.97,
7.61,
11.32,
7.3,
7.3,
5.74,
8.21,
7.7,
8.02,
6.91,
7.35,
7.24,
6.82,
7.46,
9.33,
6.04,
8.91,
8.23,
8.69,
6.04,
6.96,
7.07,
9.69,
6.42,
5.56,
8.24,
9.34,
8.79,
9.98,
8.05,
8.36,
8.78,
7.82,
9.59,
7.28,
9.09,
9.81,
7.39,
9.84,
7.5,
9.85,
9.94,
8.11,
8.74,
7.45,
8.03,
9.25,
6.34,
9.84,
7.03,
7.01,
6.91,
7.02,
7.66,
4.95,
6.57,
7.92,
6.18,
7.68,
8.99,
8.27,
8.04,
7.44,
9.86,
6.56,
9.8,
10.71,
9.51,
7.03,
8.79,
7.36,
6.95,
6.01,
7.06,
7.28,
9.13,
7.16,
8.08,
6.96,
7.1,
8.78,
9.43,
7.58,
10.68,
9.11,
7.49,
9.03,
6.79,
6.88,
8.16,
7.83,
8.64,
7.75,
7.4,
8.05,
7.5,
9.32,
7.38,
6.8,
7.79,
11.63,
9.39,
7.92,
4.66,
9.08,
8.26,
7.2,
8.27,
8.1,
11.06,
9.33,
7.76,
8.62,
6.87,
7.46,
5.58,
8.1,
8.6,
8.36,
7.21,
6.24,
7.81,
7.53,
6.82,
7.74,
5.48,
7.79,
11.85,
7.81,
9.06,
6.72,
5.58,
6.68,
7.66,
8.58,
9.64,
6.88,
6.84,
7.3,
7.53,
5.92,
6.76,
7.36,
4.98,
5.89,
7.46,
8.75,
8.44,
5.6,
7.25,
8.56,
7.89,
6.34,
5.56,
8.08,
6.71,
11.58,
8.9,
7.68,
6.47,
8.02,
5.87,
8.23,
10.08,
8.48,
7.73,
7.08,
6.63,
8.32,
8.5,
7.83,
8.71,
10.97,
8.02,
7.73,
8.12,
9.15,
7.72,
8.35,
9.14,
8.14,
7.29,
7.56,
7.87,
8.17,
6.75,
9.12,
8.29,
6.13,
6.28,
8.58,
8.92,
6.55,
6.73,
8.58,
7.01,
7.6,
8.12,
6.43,
8.1,
8.22,
7.42,
7.04,
7.99,
10.1,
6.34,
8.41,
7.89,
7.29,
6.22,
8.49,
8.99,
8.38,
8.23,
8.02,
8.03,
7.69,
6.78,
6.65,
8.97,
8.03,
9.24,
9.66,
5.39,
6.77,
4.81,
8.79,
7.45,
8.51,
8.32,
7.32,
4.59,
6.49,
9.53,
8.57,
6.51,
8.46,
4.58,
7.85,
8.69,
7.36,
10.25,
7.37,
8.74,
8.05,
8.63,
8.46,
7.06,
8.6,
8.01,
7.36,
8.54,
8.68,
8.8,
6.66,
7.36,
8.09,
7.97,
7.68,
7.33,
8.11,
7.71,
7.63,
6.41,
4.84,
8.39,
7.95,
7.69,
7.03,
6.22,
6.78,
6.96,
8.29,
7.79,
7.89,
8.95,
7.45,
7.65,
7.38,
7.63,
8.09,
7.56,
8.61,
7.55,
7.46,
7.85,
7.35,
7.85,
7.18,
7.57,
8.47,
6.96,
6.68,
7.52,
7.38,
8.54,
7.43,
7.34,
7.99,
9.15,
6.61,
5.84,
7.23,
7.11,
7.83,
7.61,
9.19,
6.62,
8.12,
9.49,
8.66,
8.68,
6.5,
8.43,
8.82,
9.78,
7.32,
9.81,
6.97,
8.65,
8.59,
7.43,
6.82,
8.95,
7.76,
10.54,
8.42,
6.6,
6.4,
8.73,
8.61,
11.09,
5.12,
8.81,
8.64,
9.73,
7.19,
8.77,
7.65,
5.63,
9.03,
8.19,
8.89,
6.8,
8.17,
7.33,
7.82,
8.86,
6.29,
8.61,
6.81,
8.4,
8.91,
7.88,
9.69,
6.98,
8.39,
8.5,
7.42,
7.87,
8.54,
7.86,
8.2,
7.1,
7.67,
8.06,
8.24,
7.76,
7.7,
11.8,
7.28,
9.35,
7.58,
10.69,
7.86,
8.27,
8.62,
6.87,
10.53,
6.32,
10.5,
7.63,
9.84,
6.84,
9.84,
7.08,
10.27,
7.19,
9.66,
9.41,
11.33,
7.83,
5.96,
6.78,
9.8,
6.43,
9.29,
9.22,
9.62,
7.67,
6.3,
10.2,
7.39,
9.31,
7.08,
11.79,
7.49,
9.73,
9.02,
9.97,
7.79,
9.46,
10.83,
8.55,
7.9,
9.18,
8.15,
8.69,
7.93,
8.6,
8.88,
9.86,
10.03,
9.1,
9.91,
9.92,
8.72,
8.21,
11.81,
7.86,
9.45,
9.2,
8.02,
8.22,
10.86,
8.66,
12.49,
7.87,
11.47,
8.84,
8.22,
7.78,
6.5,
7.82,
6.82,
5.03,
7.63,
7.12,
7.75,
6.35,
7.96,
7.22,
6.09,
9.1,
4.57,
7.21,
8.47,
5.76,
6.51,
7.1,
8.49,
7.1,
7.43,
4.59,
8.62,
7.83,
4.47,
8.63,
7.7,
6.18,
6.05,
8.16,
2.3,
5.71,
3.06,
7.81,
6.68,
7.51,
5.55,
5,
8.52,
6.65,
10.05,
11.4,
10.4,
8.22,
8.98,
8.61,
5.45,
6.06,
6.82,
7.25,
10.54,
9.8,
9.03,
7.13,
8.76,
6.86,
7.89,
6.85,
8.94,
7.86,
7.53,
11.46,
11.17,
9.44,
6.92,
5.4,
8.11,
7.66,
7.5,
3.22,
8.15,
8.79,
7.6,
6.93,
8.87,
6.83,
4.77,
9.31,
3.71,
4.1,
8.56,
9.06,
10.99,
5.63,
10.08,
9.78,
6.47,
9.53,
5.75,
7.11,
8.24,
9.84,
5.76,
8.7,
7.07,
6.89,
3.9,
7.41,
5.8,
7.8,
7.07,
4.99,
2.16,
8.19,
7.45,
6.26,
7.43,
5.77,
2.64,
3.66,
3.99,
9.14,
8.79,
11.1,
7.13,
7.29,
4.36,
6.63,
5.52,
6.63,
4.16,
7.27,
8.38,
8.28,
7.47,
6.78,
2.63,
6.48,
9.85,
7.7,
3.49,
5.54,
6.04,
9.42,
6.21,
6.64,
7.7,
6.7,
4.39,
4.08,
8.61,
9.92,
6.17,
6.75,
6.71,
4.77,
7.84,
5.27,
6.77,
6.45,
4.17,
6.98,
3.88,
6.54,
4.85,
5.39,
7.03,
3.55,
4.94,
5.66,
6.93,
2.5,
7.07,
3.39,
6.56,
5.31,
5.6,
3.51,
7.13,
2.65,
6.15,
9.03,
5.28,
5.48,
7.06,
9.15,
7.61,
9.32,
9.97,
4.94,
6.7,
7.63,
9.48,
3.28,
6.5,
5.58,
8.54,
5.72,
2.66,
9.61,
4.89,
9.79,
4.2,
6.76,
7.9,
5.47,
2.4,
8.12,
6.29,
5.03,
7.49,
7.81,
6.63,
5.85,
6.14,
4.65,
2.31,
5.74,
4.44,
3.32,
9.43,
6.23,
10.13,
8.94,
2.1,
7.3,
5,
8.33,
8.7,
8.92,
7.41,
10.02,
6.41,
7.15,
8.56,
7.28,
5.74,
7.06,
3.56,
1.11,
7.24,
6.06,
7.45,
8.85,
3.73,
9.13,
8.93,
5.59,
6.03,
2.34,
6.54,
5.65,
7.86,
6.69,
4.89,
6.57,
6.56,
3.36,
2.44,
9.27,
4.69,
7.46,
4.45,
3.54,
5.78,
9.13,
9,
8.85,
5.48,
8.18,
6.45,
5.85,
6.75,
9.03,
5.76,
3.93,
3.55,
9.69,
5.37,
8.36,
3.18,
6.09,
4.93,
5.37,
8.72,
7.69,
8.9,
6.39,
8.08,
7.94,
2.75,
4.35,
8.73,
5.31,
6.18,
4.47,
5.63,
6.41,
7.81,
6.57,
8.86,
6.8,
7.65,
8.26,
8.19,
5.75,
6.65,
6.49,
7.03,
7.42,
7.3,
12.54,
3.33,
6.78,
6.84,
5.31,
9.11,
7.91,
3.09,
5.73,
2.47,
6.08,
3.26,
5.05,
7.62,
7.59,
6.34,
6.41,
6.54,
9.3,
7.25,
9.33,
4.43,
6.12,
4.51,
6.87,
7.49,
5.68,
9.82,
9.5,
6.47,
7.38,
8.44,
8.63,
7.27,
10.04,
8.81,
6.99,
3.24,
4.88,
6.24,
9.89,
2.27,
4.28,
9.97,
11.67,
9.49,
3.8,
4.47,
3.16,
4.98,
12,
6.36,
5.42,
8.6,
3.7,
9.98,
5.1,
3.48,
3.92,
4.29,
5.74,
7.68,
9.77,
7.28,
8.75,
5.07,
6.09,
6.49,
8.29,
6.2,
4.17,
11.78,
7.15,
10.56,
4.35,
5.74,
9.9,
7.34,
4.09,
5.26,
5.85,
9.11,
3.26,
5.72,
7.98,
7.8,
3.28,
4.09,
5.13,
6.55,
5.71,
11.12,
3.57,
7.72,
7.4,
9.19,
8.2,
8.78,
9.09,
7.07,
4.04,
6.21,
9.29,
8.71,
7.35,
3.43,
9.38,
8.78,
8.57,
7.36,
4.25,
8.72,
7.79,
8.87,
6.24,
8.19,
7.78,
6.48,
3.69,
7.52,
7.04,
7.83,
6.4,
7.14,
8.16,
7.71,
10.87,
9.73,
6.68,
6.19,
8.17,
8.4,
6.59,
3.94,
6.78,
7.49,
8.13,
8.68,
9.07,
8.92,
9.82,
7.18,
11.74,
8.69,
9.48,
9.67,
8.31,
8.7,
7.98,
9.54,
10.33,
8.4,
9.52,
9.32,
10.63,
6.43,
7.64,
10.01,
9.59,
9.71,
10.34,
9.19,
8.72,
9.83,
7.84,
6.93,
9.06,
7.12,
10.01,
8.51,
8.13,
7.45,
7.5,
6.74,
8.63,
7.78,
7.96,
8.81,
8.75,
10.5,
8.83,
7.95,
4.89,
9.49,
9.36,
8.81,
4.88,
8.97,
10.46,
8.65,
8.6,
6.34,
9.79,
9.03,
8.92,
8.24,
8.92,
9.59,
8.07,
10.17,
8.01,
5.58,
7.48,
10.31,
8.82,
10.3,
7.77,
9.17,
9.53,
8.24,
8.15,
8.57,
9.48,
4.77,
7.82,
10.61,
8.48,
8.32,
7.44,
7.29,
11.33,
10.34,
9.03,
10.88,
6.51,
8.29,
7.48,
5.9,
7.2,
8.71,
10.22,
9.18,
9.85,
8.67,
9.16,
8.52,
10.81,
7.25,
8.64,
7.73,
9.04,
9.18,
9.66,
9.08,
8.78,
3.26,
12.08,
7.92,
10.92,
9.31,
8.85,
8.25,
11.66,
9.65,
3.76,
6.55,
7.84,
6.42,
5.15,
11.95,
9.91,
9.56,
8.92,
8.89,
6.97,
8.49,
7.55,
9.42,
8.58,
6.39,
7.78,
9.7,
10.4,
11.96,
8.02,
6.11,
10.12,
7.23,
6.36,
9.2,
8.27,
11.21,
9.37,
6.95,
8.66,
8.04,
9.12,
8.69,
5.22,
9.46,
8.38,
3.3,
7.01,
8.9,
8.98,
8.22,
8.87,
10.26,
9.59,
7.6,
7.25,
12.22,
9.78,
9.89,
11.68,
9.55,
5.46,
9.46,
7.91,
5.92,
7.13,
9.02,
8.47,
5.42,
7.19,
8.35,
7.54,
6.73,
4.96,
7.97,
5.38,
7.7,
10.58,
9.37,
4.92,
8.09,
8.52,
8.46,
6.89,
10.01,
8.65,
9.56,
4.09,
9.11,
7.62,
5.48,
10.82,
8.22,
3.91,
9.51,
6.96,
8.03,
6.02,
8.01,
4.05,
5.75,
8.01,
7.15,
8.83,
7.21,
8.2,
8.36,
8.01,
10.33,
7.1,
8.68,
9.44,
6.46,
5.23,
8.7,
5.86,
8.53,
9.04,
9.48,
4.35,
7.97,
5.01,
9.66,
5.85,
8.14,
7.84,
5.91,
9.35,
8.02,
6.58,
5.94,
6.24,
6.55,
5.84,
6.41,
8.44,
8.93,
5.69,
7.38,
8.98,
7.45,
8.29,
8.75,
8.3,
8.3,
8.35,
4.67,
8.53,
6.85,
9.26,
8.04,
10.3,
8.9,
9.28,
4.86,
10.2,
10.08,
6.97,
8.77,
9.5,
8.23,
10.09,
9.41,
9.09,
9.8,
6.37,
7.89,
7.26,
7.35,
7.59,
7.35,
9.69,
7.86,
8.45,
7.07,
5.34,
8.62,
7.07,
9.56,
8.92,
5.72,
7.46,
9.1,
10.18,
8.9,
7.34,
7.79,
5.83,
7.28,
8.77,
8.88,
9.9,
8.13,
6.4,
8.63,
9.31,
10.59,
9.2,
9.15,
4.14,
7.31,
9.2,
5.16,
7.55,
9.02,
9.52,
11.35,
7.98,
7.97,
11.1,
7.75,
8.82,
8.46,
8.73,
8.24,
6.72,
11.09,
6.68,
10.98,
6.3,
7.96,
10.47,
7.65,
9.67,
11.64,
10,
8.82,
9.52,
8.94,
7.37,
8.83,
6.15,
6.7,
8.21,
9.74,
11,
7,
7.06,
8.1,
8.57,
9.5,
7.85,
6.57,
7.79,
8.63,
10.27,
9.38,
7.73,
9.01,
11.39,
8.2,
8.87,
9.34,
8.5,
8.77,
8.98,
9.73,
8.64,
9.35,
7.27,
7.5,
7.61,
7.98,
8.16,
8.9,
7.32,
11.55,
6.24,
6.61,
11.57,
10.14,
9.21,
5.9,
8.59,
9.5,
9.17,
9.29,
5.89,
6.41,
11.83,
9.67,
6.69,
8.45,
9.59,
7.31,
7.34,
10.89,
6.71,
8.72,
3.62,
7.95,
9.09,
7.2,
6.65,
10.5,
8.2,
8.39,
10.43,
7.98,
8.49,
3.94,
7.43,
8.07,
7.95,
7.67,
10.56,
11.84,
8.5,
10.37,
10.02,
8.26,
8.97,
8.8,
8.32,
9.28,
8.62,
7.09,
9.23,
7.95,
9.61,
9,
7.05,
7.13,
9.33,
5.55,
8.5,
6.91,
10.47,
7.49,
4.13,
7.99,
7.74,
4.34,
7.86,
8.62,
10.65,
9.12,
6.63,
8.29,
8.42,
8.5,
10.02,
8.55,
5.37,
8.26,
11.84,
8.46,
8.91,
7.29,
10.68,
9.81,
10.36,
7.3,
6.43,
6.37,
8.72,
9.18,
9.19,
8.95,
12,
7.88,
8.8,
10.26,
11.23,
8.93,
11.13,
7.97,
11.53,
9.68,
9.52,
5.09,
6.97,
2.9,
8.33,
9.08,
9.46,
10.35,
9.19,
8.13,
8.36,
7.8,
9.21,
7.88,
10.72,
8.84,
7.55,
8.05,
7.54,
8.64,
8.76,
8.83,
4.26,
9.11,
7.61,
10.25,
9.82,
9.28,
7.2,
8.59,
7.65,
8.59,
9.51,
8.59,
8.73,
7.7,
9.21,
4.51,
8.54,
9.27,
4.71,
9.13,
7.48,
8.84,
7.67,
10.96,
10.74,
8.61,
11.58,
6.16,
10.32,
8.92,
5.33,
7.31,
10.87,
10.25,
9.34,
5.26,
9.88,
8.01,
10.7,
10.37,
8.62,
7.57,
9.58,
9.36,
10.1,
8.88,
9.79,
6.6,
8.32,
9.2,
10.9,
8.53,
7.61,
10.1,
8.37,
10.59,
7.34,
10.9,
6.35,
6.59,
11.24,
7.81,
11.22,
9.13,
10.97,
10.92,
9.75,
8.93,
9.16,
10.98,
8.28,
6.07,
11.32,
8.88,
9.79,
6.22,
11.76,
9.87,
11.13,
7.87,
8.38,
8.63,
11.07,
8.57,
6.29,
11.18,
10.05,
7.17,
6.97,
8.92,
8.97,
11.35,
7.68,
9.14,
8.31,
8.99,
9.59,
11.21,
10.01,
9.56,
11.65,
9.17,
10.27,
7.09,
9.45,
7.21,
9.52,
10.5,
8.8,
10.8,
8.3,
9.28,
9.72,
9.06,
9.17,
7.42,
11.63,
9.54,
6.6,
6.98,
9.54,
8.25,
6.57,
11.33,
8.51,
9.3,
7.93,
7.37,
8.77,
10.02,
11.03,
8.4,
8.6,
10.87,
9.63,
6.66,
7.06,
11.5,
9.25,
10.09,
6.88,
10.67,
9.79,
5.8,
1.79,
4.47,
9.44,
8.34,
7.24,
7.48,
9.11,
7.33,
8.02,
4.93,
9.64,
8.68,
8.56,
11.63,
8.56,
9.68,
7.09,
8.41,
8.67,
9.73,
7.76,
9.76,
9.02,
9.64,
7.47,
9.16,
4.56,
9.21,
8.73,
9.06,
11.11,
10.27,
8.66,
10.79,
4.58,
9.7,
7.84,
6.94,
10.35,
12.54,
12,
10.32,
9.74,
8.86,
8.59,
6.97,
9.22,
8.24,
6.75,
10.33,
8.55,
9.91,
8.4,
10.01,
7.99,
9.93,
10.83,
9,
9.01,
10.28,
9.93,
9.52,
8.73,
8.92,
9.91,
6.57,
11.12,
9.21,
10.73,
8.9,
9.39,
7.8,
9.82,
7.76,
8.48,
11.27,
6.72,
11.34,
8.55,
10.46,
3.82,
10.65,
8.65,
8.65,
10.26,
8.83,
10.89,
5.08,
9.63,
8.43,
10.11,
8.32,
7.41,
7.37,
11.1,
7.65,
8.2,
10.98,
11.37,
6.41,
10.69,
10.36,
7.21,
8.06,
5.97,
9.51,
8.2,
12.33,
6.86,
5.42,
8.61,
4.57,
9.61,
9.34,
9.27,
9.56,
10.64,
6.95,
6.47,
8.48,
7.43,
8.72,
7.66,
8.1,
8.95,
7.29,
4.82,
6.23,
8.94,
7.28,
10.49,
9.36,
4.73,
8.6,
8.77,
5.71,
10.15,
7.27,
7.28,
7.96,
8.36,
10.79,
8.87,
9.34,
8.23,
6.83,
8.22,
6.88,
9.17,
5.86,
10.86,
8.47,
7.58,
10.5,
9.5,
7.67,
11.32,
11.06,
10.76,
6.13,
8.03,
8.64,
8.29,
8.49,
11.44,
5.78,
7.76,
9.03,
10.28,
8.06,
8.07,
9.23,
9.39,
6.87,
8.98,
9.86,
7.59,
6.5,
7.51,
8.35,
7.3,
8.75,
3.86,
7.33,
8.66,
7.62,
13.04,
9.71,
7.19,
3.13,
8.02,
7.88,
7.76,
2.88,
5.48,
6.53,
8.62,
4.3,
8.12,
4.9,
8.6,
10.51,
8.48,
8.99,
8.88,
6.24,
7.77,
9.73,
10.28,
5.46,
8.62,
8.15,
6.99,
5.58,
10.91,
7.21,
5.98,
8.52,
7.47,
6.31,
3.47,
4.55,
10.21,
8.64,
12.51,
8.17,
8.58,
9.42,
11.02,
7.45,
8.16,
5.78,
8.02,
11.16,
8.12,
9.19,
7.06,
8.74,
9.33,
5.79,
8.55,
8.18,
7.16,
9.26,
7.86,
7.49,
6.23,
7.65,
8.96,
6.73,
8.03,
10,
5.51,
9.02,
8.8,
11.08,
7.32,
6.63,
8.9,
9.53,
6.02,
12.63,
13.27,
6.78,
9.82,
7.92,
8.59,
10.54,
7.86,
8.76,
6.42,
11.07,
8.56,
9.99,
8.5,
9.29,
9.46,
8.97,
9.12,
8.42,
7.18,
7.02,
7.84,
7.65,
9.13,
4.65,
9.28,
9.59,
9.11,
6.41,
8.56,
9.82,
8.41,
7.4,
7.17,
8.54,
7.62,
9.09,
8.46,
10.43,
8.37,
8,
12.23,
6.51,
7.39,
7,
7.91,
8.07,
8.56,
9.89,
8.49,
9.9,
7.83,
6.7,
7.06,
7.14,
8.38,
9.34,
7.85,
8.06,
9.5,
10.81,
7.47,
6.24,
7.75,
7.52,
11.59,
7.27,
14.78,
10.93,
10.69,
9.23,
11.66,
11.86,
10.66,
7.01,
6.15,
9.35,
10.52,
8.15,
7.85,
3.86,
10.15,
10.02,
8.35,
7.78,
4.12,
7.78,
11.59,
8.36,
11.38,
7.01,
10.82,
9.71,
8.96,
9.87,
7.48,
9.03,
11.73,
10.99,
8.82,
8.26,
6.38,
6.05,
7.51,
8.5,
6.82,
7.83,
7.85,
6.5,
7.25,
7.6,
7.48,
4.5,
6.92,
9.04,
8.85,
7.26,
7.64,
9.12,
7.23,
7.36,
5.15,
8.05,
8.83,
8.94,
6.77,
6.18,
8.91,
8.04,
8.49,
6.87,
9.51,
5.99,
9.32,
9.26,
6.29,
8.61,
6.72,
8.16,
11.97,
6.26,
11.37,
11.17,
5.48,
8.06,
9.79,
8.79,
4.74,
10.18,
7.25,
7.76,
9.52,
4.12,
8.59,
8.16,
8.02,
8.84,
7.67,
11.65,
6.63,
9.27,
6.99,
8.77,
8.81,
7.42,
7.54,
6.95,
10.2,
10.12,
7.66,
6.93,
9,
9.5,
5.42,
6.78,
8.62,
5.65,
9.28,
6.81,
11.8,
5.27,
7.84,
10.5,
8.6,
7.89,
10.28,
6.75,
9.01,
7.93,
8.16,
9.5,
10.53,
7.08,
8.28,
9.59,
5.59,
8.53,
9.99,
9.19,
7.73,
8.99,
7.77,
9.62,
8.71,
7.43,
8.07,
10.23,
11.39,
11.01,
8.18,
8.86,
8.73,
5.48,
7.45,
9.13,
7,
9.21,
8.64,
5.97,
5.64,
9.88,
9.21,
10.39,
10.45,
9.62,
8.51,
8.93,
8.04,
8.38,
8,
10.78,
9.53,
8.9,
7.59,
7.33,
9.17,
10.23,
8.25,
9.54,
8.15,
9.07,
3.57,
3.93,
8.7,
5.03,
8.05,
6.63,
9.02,
6.56,
4.94,
11.03,
13.03,
9.25,
5.92,
7.68,
6.72,
10.65,
8.45,
9.89,
9.06,
8.7,
7.54,
7.61,
8.94,
8.39,
7.4,
9.82,
11.41,
8.93,
10.08,
6.81,
10.18,
5.27,
9.47,
9.26,
7.69,
7.46,
8.42,
5.88,
6.34,
9.92,
10.21,
8.78,
9.32,
7.81,
7.54,
8.09,
11.89,
2.76,
10.26,
8.61,
8.2,
10.57,
7.64,
12.76,
11.73,
7.5,
8.06,
8.18,
9.52,
8.09,
9.29,
8.43,
6.8,
9.09,
7.09,
6.91,
7.96,
8.75,
8.57,
8.46,
11.7,
11.65,
8.88,
8.2,
6.96,
8.05,
10.17,
5.68,
8.89,
10.04,
9.67,
8.99,
9.83,
8.38,
10.68,
11.04,
10.6,
9.68,
10.09,
12.11,
8.91,
9.97,
5.26,
10.82,
3.91,
10.12,
10.73,
8.51,
11.06,
8.56,
10.84,
10.04,
10.59,
9.7,
9.82,
7.32,
9.35,
10.48,
7.52,
11.25,
9.42,
11.21,
9.95,
10.22,
10.45,
5.93,
11.28,
10.04,
12.07,
11.04,
8.07,
10.59,
10.13,
7.54,
10.73,
9.45,
10.94,
10.25,
9.6,
5.15,
8.33,
4.79,
6.03,
6.8,
4.52,
6.8,
4.51,
5.99,
5.41,
5.69,
4.5,
5.96,
6.19,
6.69,
5.27,
5.63,
6.34,
6.84,
5.63,
3.24,
4.02,
5.1,
8.7,
9.79,
7.48,
6.23,
6.86,
5.31,
7.3,
4.69,
6.39,
5.89,
8.61,
5.69,
5.38,
6.42,
7.27,
6.75,
7.12,
6.59,
4.95,
5.08,
5.04,
4.3,
7.12,
5.37,
5.6,
6.23,
6.84,
5.89,
3.01,
5.14,
4.87,
5.68,
6.48,
5.26,
5.13,
5.79,
5.28,
6.85,
4.17,
5.41,
5.05,
5.79,
5.13,
5.41,
5.37,
4.18,
6.07,
5.14,
3.63,
4.81,
5.96,
5.9,
3.59,
5,
4.58,
5.27,
6.1,
5.98,
4.74,
5.03,
6.3,
2.91,
2.76,
4.48,
4.33,
7.09,
5.35,
8.09,
5.41,
5.01,
9.45,
5.81,
6.76,
6.08,
4,
3.67,
5.8,
5.41,
4.85,
5.21,
5.26,
3.94,
4.93,
8.08,
5.14,
8.37,
5.18,
7.39,
4.64,
5.53,
3.84,
6.42,
7.04,
5.62,
4.92,
6.48,
5.92,
5.46,
4.79,
4.74,
7.02,
5.52,
5.9,
4.35,
5.7,
3.55,
4.68,
5.25,
3.48,
3.92,
7.3,
2.46,
7.16,
3.36,
5.31,
4.22,
8.3,
5.69,
7.02,
5.19,
3.24,
7.49,
4.89,
4.9,
3.87,
6.43,
7.11,
6.89,
6.73,
4.99,
6.13,
4.97,
7.39,
6.26,
6.16,
5.29,
5.58,
5.28,
5.03,
4.13,
5.72,
6.56,
6.68,
4.27,
5.31,
5.13,
4.74,
7.08,
3.9,
4.59,
6.37,
8.69,
8.07,
10.08,
8.51,
7.31,
9.82,
7.11,
6.93,
8.91,
9.45,
7.73,
7.68,
7.07,
8.08,
9.59,
8.11,
6.05,
8.02,
10.74,
9.73,
7.59,
7.78,
8.58,
7.39,
7.2,
9.77,
7.9,
8.11,
8.39,
6.1,
7.22,
7.16,
7.25,
10.21,
10.2,
6.79,
8.67,
10.33,
7.82,
6,
10.08,
11.03,
8.54,
8.47,
9.04,
9.54,
9.99,
9.72,
9.65,
8.51,
9.05,
8.79,
10.63,
8.72,
10.81,
8.72,
8.9,
7.94,
11.11,
8.16,
10.02,
2.88,
9.88,
6.71,
9.95,
5.92,
9.7,
7.84,
8.57,
7.56,
9.11,
7.94,
9.7,
8.83,
11.12,
8.73,
9.42,
5.52,
8.88,
8.52,
6.93,
8.39,
6.83,
9.1,
8.99,
8.99,
8.67,
9.68,
10.07,
8.31,
6.98,
11.15,
9.07,
9.57,
10.17,
10.39,
10.36,
11.32,
10.19,
10.81,
9.74,
8.7,
9.31,
8.7,
10.56,
10.14,
9.75,
10.65,
9.53,
12.24,
9.8,
11.04,
10.16,
10.1,
9.98,
10.94,
9.04,
8.71,
10.55,
10.25,
10.41,
10.88,
9.85,
8.71,
11.21,
12.15,
10.63,
10.91,
7.79,
9.51,
10.93,
9.86,
9.26,
11.4,
8.19,
10.38,
10.27,
9.64,
10.91,
10.09,
10.13,
9.25,
9.59,
8.89,
10.1,
10.99,
10.86,
11.89,
10.75,
11.04,
10.59,
10.15,
10.06,
10.01,
11.37,
9.97,
10.6,
10.68,
10.49,
10.72,
10.38,
11.78,
11.43,
12.09,
10.44,
10.07,
10.37,
10.55,
11.29,
11.13,
11.09,
10.54,
11.24,
10.5,
11.54,
10.54,
10.09,
10.91,
9.91,
10.74,
9.7,
11.8,
10.74,
11.27,
11,
10.75,
12.28,
11.33,
10.49,
10.52,
11.04,
11.51,
10.29,
10.31,
10.28,
11.59,
12.35,
11.55,
10.21,
9.78,
10.92,
11.89,
11.23,
11.34,
10.75,
11.3,
11.56,
10.53,
11.26,
10.65,
5.07,
11.09,
9.41,
10.62,
11.77,
10.28,
10.97,
10.46,
10.62,
10.25,
8.93,
10.16,
10.64,
10.94,
10.97,
10.56,
10.7,
10.9,
10.42,
10.49,
9.86,
11.18,
10.85,
10.61,
11.01,
11.04,
11.33,
10.67,
10.44,
10.43,
10.92,
10.7,
11.21,
10.86,
11.65,
11.36,
10.89,
11.41,
11.22,
11.39,
10.82,
10.67,
11,
12.14,
10.45,
10.01,
9.98,
10.77,
11,
11.43,
9.72,
10.76,
11.21,
10.17,
11.52,
10.53,
11.17,
12.04,
11.41,
11.13,
10.9,
10.94,
10.09,
11.41,
11.22,
10.94,
11.01,
11.4,
10.83,
10.88,
11.3,
10.38,
10.31,
11.05,
10.75,
10.63,
10.46,
10.68,
11.05,
11.14,
9.87,
10.75,
10.61,
10.56,
10.59,
9.5,
10.67,
10.09,
11.52,
11.17,
11.43,
11.84,
11.18,
10.66,
11.56,
11.56,
10.72,
11.61,
10.28,
6.63,
11.02,
10.44,
11.26,
10.95,
9.44,
9.46,
11.37,
10.04,
10.52,
10.91,
12.75,
11.49,
11.33,
11.62,
11.26,
11.02,
11.7,
11.11,
10.92,
10.42,
10.61,
8.87,
11.39,
11.72,
12.4,
10.78,
11.28,
12.46,
11.69,
10.97,
10.88,
11.82,
9.76,
11.6,
10.65,
11.24,
11.39,
10.99,
11.02,
11.06,
11.09,
10.84,
11.11,
11.15,
11.11,
11.04,
11.91,
10.76,
11.58,
12.03,
12.3,
11.09,
11.07,
10.61,
10.41,
10.92,
10.91,
10.06,
10.52,
10.7,
11.23,
11.56,
11.02,
11.32,
10.41,
11.53,
11.56,
10.75,
11.17,
10.65,
10.79,
11.58,
11.37,
11.35,
10.44,
10.96,
10.32,
11.9,
11.99,
9.71,
12.03,
10.9,
9.78,
11.94,
10.78,
10.9,
10.93,
10.63,
11.01,
11.71,
11.4,
10.73,
10.47,
10.18,
10.85,
10.09,
11.1,
10.53,
11.05,
10.7,
11.45,
11.74,
11.54,
10.82,
11.48,
9.56,
10.74,
7.6,
5.54,
8.47,
10.39,
9.63,
9.09,
10.9,
9,
9.34,
9.48,
9.48,
7.97,
10.44,
10.37,
7.72,
10.58,
9.94,
9.77,
10.52,
11.66,
7.79,
10.07,
10.09,
8.87,
10.55,
10.27,
10.18,
10.31,
9.75,
8.8,
9.97,
6.07,
10.98,
11.5,
11.05,
11.38,
11.48,
10.89,
8.74,
9.5,
10.66,
10.9,
10.96,
11.25,
9.65,
10.52,
11.22,
10.9,
12.34,
9.45,
10.96,
10.58,
13.34,
9.26,
11.28,
10.89,
11.15,
10.56,
9.36,
10.29,
10.06,
6.34,
10.12,
10.55,
10.74,
9.45,
10.9,
11.18,
10.42,
7.54,
10.85,
11.35,
9.43,
9.68,
10.94,
10.64,
9.82,
11.1,
10.19,
9.83,
10.62,
10.33,
11.73,
9.14,
10.62,
12.02,
10.77,
10.73,
13.03,
10.45,
10.39,
10.83,
11.37,
10.92,
10.69,
10.95,
10.41,
10.74,
10.58,
9.76,
11.54,
9.91,
11.95,
11.61,
10.94,
9.87,
9.93,
11.13,
10.53,
10.87,
11.55,
10.8,
12.34,
11.13,
10.23,
11.54,
11.05,
11.01,
11.45,
11.77,
10.95,
11.72,
11.52,
12.01,
11.33,
9.68,
12.89,
10.11,
10.7,
10.87,
10.3,
11.28,
11.06,
10.11,
10.89,
10.38,
10.77,
10.59,
9.89,
10.29,
11.27,
11.15,
11.33,
10.25,
11.42,
11.27,
10.95,
11.07,
10.85,
10.52,
7.75,
10.88,
10.98,
10.74,
10.77,
10.07,
10.49,
10.8,
10.43,
12.72,
12.71,
11.92,
11.03,
11.9,
10.45,
12,
10.24,
9.74,
10.8,
10.1,
12.18,
10.59,
10.86,
10.96,
8.79,
11.06,
10.33,
10.05,
10.25,
9.9,
10.64,
10.54,
10.86,
11.25,
10.77,
8.03,
12.64,
11.08,
10.2,
11.23,
10.21,
10.41,
10.05,
10.45,
11.63,
10.81,
10.35,
10.72,
10.96,
11.43,
12.18,
11.12,
11.07,
11.3,
10.12,
11.36,
11.65,
11,
11.08,
11.9,
10.95,
10.95,
10.67,
10.67,
11.14,
11.35,
10.83,
10.46,
11.2,
12.46,
11.35,
10.04,
10.96,
9.98,
10.24,
10.85,
10.9,
9.25,
10.42,
11.49,
11.02,
11.77,
10.58,
10.59,
10.88,
10.69,
10.56,
11.67,
10.48,
10.5,
11.38,
11.37,
12.21,
11.55,
10.05,
10.6,
2.12,
6.23,
3.99,
4.32,
3.18,
4.15,
4.38,
3.28,
3.68,
5.9,
6.07,
3.89,
4.53,
4.29,
4.25,
4.9,
3.45,
3.49,
6.36,
4.44,
5.48,
4.44,
3.89,
4.14,
4.49,
4.98,
4.02,
6.14,
5.88,
5.34,
3.38,
3.94,
4.18,
5.15,
5.48,
3.64,
4.73,
5.06,
4.84,
4.73,
4.01,
4.01,
3.2,
4.6,
3.68,
4.19,
3.97,
4.98,
4.71,
3.63,
4.66,
4.16,
4.92,
5.42,
6.37,
4,
4.48,
5.19,
3.99,
2.43,
2.61,
4.21,
3.36,
5.45,
6.03,
4.56,
3.47,
4.1,
3.57,
4.06,
4.94,
4.93,
5.69,
3.84,
4.13,
3.44,
3.99,
3.66,
3,
5.12,
3.33,
4.76,
4.3,
5.38,
3.66,
3.69,
3.28,
4.61,
4.25,
4.18,
3.71,
4.81,
3.74,
7.69,
3.34,
6.4,
6.28,
8.22,
4.43,
5.07,
3.68,
4.35,
4.03,
4.23,
4.43,
4.78,
5.98,
6.5,
5.11,
5.19,
4.06,
4.58,
5.96,
6.25,
3.48,
4.48,
3.28,
6.47,
7.61,
5.95,
4.82,
4.23,
3.71,
5.98,
2.16,
4.69,
5.4,
4.64,
2.44,
5.75,
6.38,
4.3,
6.28,
3.97,
4.84,
8.06,
5.61,
3.71,
5.1,
4.66,
3.78,
5.03,
6.15,
5.11,
4.08,
4.77,
5.73,
3.96,
5.11,
4.8,
4.03,
5.68,
6,
3.64,
8.42,
5.09,
7.4,
6.21,
3.22,
5.95,
4.75,
6.61,
5.08,
6.2,
5.97,
2.96,
4.66,
3.85,
4.98,
5.49,
3.7,
4.31,
5.78,
5.63,
6.79,
3.23,
5.02,
3.84,
3.32,
5.34,
4.53,
3.93,
5.27,
3.84,
3.53,
4.68,
5.3,
4.21,
6.26,
5.08,
7.66,
4.04,
3.44,
3.76,
5.25,
4.48,
4.89,
3.93,
6.88,
4.53,
4.06,
3.53,
6.35,
4.26,
4.99,
1.4,
3.57,
4.83,
2.62,
3.99,
2.74,
4.56,
4.89,
6.38,
7.35,
3.03,
4.97,
3.98,
3.89,
3.45,
6.49,
3.99,
1.57,
5.64,
5.68,
4.76,
4.91,
3.47,
3.76,
4.58,
3.5,
3.56,
3.82,
3.89,
4.15,
5.02,
4.6,
5.54,
5.32,
5.41,
6.24,
3.46,
4.9,
3.12,
6.38,
5.64,
3.75,
3.12,
5.66,
5.13,
5.2,
5.07,
5.18,
4.91,
4.2,
4.64,
4.44,
4.08,
6.72,
5.32,
3.45,
5.13,
6.65,
3.88,
5.06,
2.78,
6.43,
3.98,
4.05,
5.64,
4.91,
2.57,
5.14,
2.96,
5.01,
5.81,
4.9,
4.26,
4.56,
4.5,
6.45,
2.9,
4.32,
4.27,
5.11,
4.05,
5.87,
5.27,
6.8,
3.31,
7.18,
7.11,
4.31,
3.8,
2.71,
5.91,
4.95,
5.43,
4.39,
5.28,
6.2,
7.32,
3.4,
3.85,
4.94,
5.22,
4.94,
3.6,
6.35,
6.36,
6.66,
4.84,
5.18,
4.84,
6.43,
3.52,
5.68,
4.82,
4.08,
5.99,
6.84,
6.61,
4.86,
5.69,
4.8,
4.02,
4.94,
5.65,
4.96,
5.35,
4.94,
5.26,
4.85,
4.6,
6.5,
3.86,
4.4,
2.34,
7.01,
3.49,
4.57,
5.16,
5.43,
3.68,
5.37,
4.43,
4.53,
5.73,
5.97,
3.24,
2.25,
6.06,
4.84,
4.53,
3,
4.26,
3.73,
4.52,
4.19,
4.63,
3.97,
5.09,
4.73,
3.89,
3.76,
4.23,
4.56,
4.43,
3.21,
3.26,
4.94,
3.52,
5.68,
4.35,
4.34,
5.45,
8.06,
3.77,
2.82,
5.29,
3.16,
4.91,
5.06,
7.21,
3.89,
3.22,
3.44,
3.58,
5.4,
4.36,
7.24,
4.78,
4.03,
4.55,
2.97,
3.28,
5.16,
3.53,
5.96,
2.92,
4.51,
3.77,
4.41,
3.44,
2.58,
3.03,
2.42,
5.95,
3.43,
4.58,
3.59,
4.75,
3.74,
4.37,
4.27,
2.32,
3.87,
3.54,
3.05,
4,
5.14,
5.14,
4.52,
4.38,
5.16,
2.93,
5.25,
3.07,
4.89,
4.75,
3.34,
6.29,
3.82,
5.68,
4.67,
4.94,
4.15,
4.97,
5.09,
3.07,
5.85,
3.38,
5.45,
4.4,
6.28,
5.66,
6.45,
4.29,
3.66,
3.47,
3.23,
6.3,
3.21,
4.78,
3.31,
5.42,
4.42,
3.98,
4.18,
4.44,
2.98,
2.98,
4.61,
4.09,
5.86,
6.77,
3.15,
4.46,
4.64,
2.85,
4.62,
4.64,
5.71,
5.32,
3.65,
3.84,
4.81,
2.92,
6.64,
6.1,
3.53,
4.17,
3.48,
4.76,
4.73,
3.76,
4.49,
4.98,
4.14,
6.42,
3.46,
3.22,
3.51,
4.53,
3.68,
5.28,
4.55,
4.55,
4.44,
4.11,
5.13,
4.69,
3.45,
4.72,
4.81,
3.83,
3.63,
4.32,
5.4,
5.51,
4.33,
3.29,
5.1,
3.14,
5.27,
5.12,
3.93,
4.76,
1.93,
4.01,
3.73,
6.36,
4.01,
6.34,
4.86,
4.07,
4.16,
2.8,
5.33,
2.87,
3.45,
4.08,
3.44,
4.17,
10.34,
11.7,
10.78,
11.04,
12.02,
10.37,
10.69,
11.37,
12.83,
9.52,
9.86,
10.9,
13.31,
10.58,
10.74,
12.27,
9.74,
12.54,
10.41,
11.97,
10.18,
10.5,
11.22,
10.25,
10.49,
9.89,
12.8,
11.4,
10,
10.09,
12.12,
10.89,
12.98,
12.52,
12.03,
9.92,
9.74,
9.33,
9.36,
10.78,
11,
10.98,
10.46,
10.15,
10.35,
10.13,
11.22,
11.98,
9.21,
10.63,
10.7,
11.17,
11.62,
11.54,
10.64,
10.13,
10.98,
10.66,
10.87,
10.72,
10.5,
10.45,
11.49,
9.79,
10.76,
12.83,
10.56,
11.49,
10.36,
10.94,
9.96,
10.88,
10.36,
11.79,
12.74,
12.86,
10.1,
10.96,
10.71,
10.85,
11.86,
11.73,
13.13,
11.17,
11.08,
12.48,
11.2,
11.28,
9.86,
11.55,
12.41,
11.84,
9.33,
10.6,
9.65,
11.11,
11.27,
11.45,
12.36,
11.05,
10.6,
8.11,
9.55,
10.88,
11.95,
10.26,
10.77,
10.57,
10.63,
9.35,
11.19,
12.08,
11.19,
11.28,
10.48,
13.3,
11.92,
10.72,
11.31,
10.66,
11.7,
10.51,
9.92,
12.54,
11.23,
10.61,
9.83,
10.98,
12.4,
13.1,
11.66,
11.37,
11.38,
11.05,
11.05,
10.74,
11.03,
11.09,
11.4,
9.14,
9.85,
10.74,
10.24,
10.04,
10.43,
11.91,
11.27,
11.46,
10.06,
11.01,
11.42,
10.16,
11.2,
9.9,
9.87,
9.8,
9.89,
10.1,
12.03,
11.07,
12.05,
12.71,
11.35,
10.96,
12.13,
11.73,
10.89,
11,
11.99,
11.15,
10.77,
11.55,
11.91,
11.89,
11.18,
10.4,
12.13,
10.53,
11.88,
11.74,
10.6,
9.14,
12.45,
10.71,
9.88,
11.06,
11.18,
9.95,
12.06,
10.83,
11.18,
10.89,
10.81,
12.76,
10.88,
10.47,
9.7,
11.78,
10.25,
9.29,
11.44,
8.66,
10.49,
11.18,
11.76,
10.08,
10.61,
9.1,
11.22,
11.83,
10.86,
11.47,
11.31,
11.93,
10.85,
10.69,
11.94,
9.61,
11.35,
10.5,
11.92,
10.21,
10.94,
10.42,
10.53,
10.61,
11.14,
12.09,
11.58,
12.85,
11.78,
11.71,
11.3,
11.58,
11.53,
10.28,
11.92,
12.03,
11.32,
12.37,
10.83,
11.28,
10.63,
10.49,
12.87,
12.26,
11.61,
11.78,
11.93,
9.86,
9.85,
10.37,
11.55,
10.25,
10.55,
11.03,
10.74,
10.52,
10.84,
10.35,
11.3,
12.81,
11.58,
10.42,
12.09,
11.76,
10.69,
11.52,
10.92,
12.34,
9.75,
10.98,
11.26,
10.59,
10.73,
10.4,
10.25,
12.15,
11.83,
11,
11.14,
10.06,
11.18,
12.39,
11.6,
10.12,
11.16,
10.35,
11.25,
11.09,
10.9,
10.43,
11.29,
12.37,
10.39,
10.64,
9.57,
10.83,
9.43,
10.67,
12.29,
11.04,
11.32,
10.98,
10.73,
10.46,
13.05,
12.14,
11.57,
12.6,
11.37,
11,
11.53,
10.49,
10.28,
11.24,
11.35,
12.4,
10.59,
9.66,
11.21,
10.25,
11.08,
12.5,
11.39,
10.99,
11.52,
11.57,
9.71,
11.6,
10.96,
9.83,
11.42,
11.65,
11.56,
10.97,
11.98,
12.27,
11.86,
10.46,
11.42,
12.28,
12.2,
12.21,
10.81,
10.78,
11.87,
10.36,
11.24,
10.78,
12.81,
12.27,
9.75,
11.85,
9.54,
10.95,
11.23,
9.67,
9.43,
10.76,
10.7,
11.72,
11.27,
11.61,
10.84,
10.79,
13.56,
11.38,
9.94,
10.65,
10.23,
10.29,
10.51,
11.31,
10.08,
10.38,
9.44,
11.23,
10.03,
10.73,
11.33,
14.17,
11.25,
12.69,
12.15,
9.76,
12,
10.91,
10.91,
10.98,
12.19,
11.73,
12.72,
12.72,
12.44,
12.02,
11.7,
12.75,
11.78,
11.88,
11.66,
10.99,
11.54,
10.44,
12.16,
11.2,
12.99,
12.31,
10.22,
12.84,
10.72,
12.78,
11.4,
12.77,
11.54,
9.49,
10.43,
10.65,
11.83,
12,
11.89,
11.25,
11.3,
12.2,
11.19,
10.66,
10.5,
10.96,
12.05,
9.54,
10.53,
11.8,
10.64,
10.32,
12.19,
11.73,
11.01,
10.29,
10.93,
11.14,
11.33,
10.13,
11.49,
8.78,
11.54,
13.02,
11.07,
9.95,
9.47,
11.24,
11.11,
11.5,
10.27,
8.9,
10.27,
10.33,
11.12,
10.38,
11.72,
9.98,
10.43,
11.22,
10.32,
11.56,
10.41,
11.06,
10.6,
11.26,
10.55,
11.2,
11.4,
9.84,
12.15,
11.65,
12.26,
11.19,
10.41,
10.27,
9.3,
11.32,
11.31,
11.8,
11.79,
11.11,
10.25,
10.99,
10.65,
11.38,
12.32,
11.02,
10.51,
12.25,
12.15,
10.51,
10.14,
9.3,
11.91,
10.3,
9.85,
11.3,
12.75,
13.09,
11.02,
10.94,
11.23,
12.13,
12.33,
11.22,
11.07,
11.46,
11.37,
11.58,
11.17,
10.25,
10.23,
10.62,
8.26,
10.29,
10.42,
10.44,
12.17,
12.32,
9.66,
10.64,
10.99,
11.38,
9.88,
10.3,
11.95,
10.15,
11.2,
11.38,
11.1,
11.54,
10.87,
9.52,
10.44,
11.4,
9.8,
11.11,
11.94,
10.36,
10.2,
10.2,
11.62,
12.31,
10.38,
10.7,
11.48,
10.36,
9.91,
10.61,
11.58,
10.11,
10.48,
12.27,
11.09,
9.43,
10.97,
12.23,
10.65,
9.61,
10.99,
11.44,
11.6,
7.52,
11.74,
11.2,
12.3,
9.32,
11.12,
11.38,
10.08,
11.25,
9.51,
10.25,
10.47,
8.81,
9.82,
8.21,
10.35,
8.76,
9.92,
9.53,
10.33,
11.57,
8.49,
7.18,
10.07,
9.32,
10.37,
8.59,
11.66,
10.81,
8.15,
8.22,
11.75,
10.04,
9.94,
10.49,
8.67,
9.43,
10.71,
9.98,
6.3,
10.41,
8.51,
10.22,
8.84,
9.8,
9.19,
10.86,
10.27,
9.09,
9.91,
9.35,
6.32,
10.37,
10.12,
8.7,
9.72,
8.78,
7.19,
9.7,
9.61,
9.29,
8.06,
10.09,
10.96,
11.06,
9.73,
9.61,
8.63,
9.18,
11.23,
11.82,
9.26,
9.68,
8.96,
10.08,
10.19,
10.64,
11.02,
9.5,
9.27,
8.68,
9.99,
9.09,
10.21,
10.4,
9.42,
9.29,
8.55,
10.71,
10.11,
9.04,
9.58,
9.68,
11.18,
9.94,
9.97,
10.46,
8.45,
4.2,
6.56,
4.61,
6.39,
6.94,
6.11,
7.23,
4.85,
6.41,
5.66,
4.86,
7.19,
5.35,
7.18,
6.24,
5.57,
5.95,
8.41,
5.56,
4.19,
5.89,
6.43,
3.98,
5.99,
3.18,
3.41,
6.38,
7.99,
7.11,
6.27,
7.43,
6.52,
4.17,
4.26,
6.24,
6.77,
6.83,
5.7,
6.42,
6.52,
6.37,
6.47,
7.83,
7.69,
6.82,
6.11,
4.39,
7.3,
5.92,
5.8,
4.19,
4.03,
6.37,
5.6,
4.82,
5.29,
7.5,
4.48,
6.34,
7.74,
7.82,
5.47,
5.41,
8.46,
8.11,
4.94,
5.13,
3.93,
5.53,
4.13,
4.3,
5.98,
7.08,
3.98,
5.47,
6.15,
8.02,
5.2,
6.36,
4.63,
5.36,
8.64,
8.53,
4.31,
4.35,
3.63,
4.41,
7.25,
4.54,
5.81,
7.39,
5.25,
4.5,
5.9,
5.38,
5.69,
8.31,
6.31,
7.04,
4.38,
4.16,
5.9,
5.82,
5,
7.15,
6.35,
5.11,
5.19,
6.17,
4.95,
8.56,
3.62,
6.26,
7.03,
5.13,
6.73,
6.89,
7.06,
7.02,
9.07,
7.41,
6.54,
5.54,
5.94,
6.45,
1.75,
8.77,
6.84,
6.32,
6.19,
4.34,
4.76,
7.47,
5.53,
5.97,
7.6,
5.29,
7.15,
6.29,
6.74,
4.79,
5.44,
5.06,
7.1,
7.33,
7.6,
5.21,
5.63,
6.93,
5.43,
8.85,
5.93,
3.83,
6.72,
6.04,
6.09,
7.46,
5.8,
6.02,
6.39,
4.92,
6.18,
4.73,
4.02,
5.18,
3.94,
6.66,
4.17,
5.18,
5.56,
7.79,
3.13,
4.13,
6.25,
5.25,
7.41,
6.6,
3.47,
6.75,
5.28,
5.39,
7.42,
6.16,
4.41,
6.18,
6.77,
6.02,
7.08,
8.42,
7.02,
8.85,
7.99,
7.28,
7.74,
9.04,
8.36,
8.13,
11.01,
10.97,
9.33,
9.57,
9.4,
8.98,
8.23,
9.48,
11.08,
9.95,
10.38,
10.79,
9.64,
8.5,
10.28,
6.39,
9.6,
10.24,
10.59,
9.33,
12.25,
10.64,
9.14,
9.65,
9.99,
8.24,
9.97,
10.96,
10.42,
9.23,
8.37,
10.93,
9.79,
10.51,
8.07,
8.62,
9.22,
4.19,
9.82,
9.07,
8.38,
7.42,
6.26,
6.98,
9.64,
8.29,
5.2,
6.52,
5.93,
7.91,
9.4,
10.16,
6.67,
9.87,
10.86,
9.64,
9.29,
7.16,
10.05,
10.45,
7.56,
11.48,
9.71,
12.82,
9.86,
8.94,
8.14,
8.72,
10.71,
10.58,
10.69,
8.7,
8.35,
9.93,
10.76,
8.32,
6.52,
9.28,
9.16,
8.02,
5.82,
7.11,
6.5,
9.1,
10.25,
6.18,
9.13,
9.77,
10.76,
11.61,
10.53,
9.18,
9.5,
8.53,
9.45,
6.68,
7.17,
10.19,
5.91,
7.84,
8.68,
11.05,
6.28,
8.66,
6.89,
4.34,
9.08,
9.52,
6.47,
5.86,
7.79,
7.82,
9.54,
6.5,
9.52,
8.13,
8.46,
7.91,
8.35,
10.11,
9.02,
6.5,
8.9,
6.83,
6.8,
9.99,
9.44,
6.8,
9.37,
9.2,
5.46,
8.14,
10.21,
6.32,
7.13,
8.76,
9.44,
10.05,
6.48,
8.86,
7.28,
9.38,
8.75,
10.13,
6.3,
8.67,
7.01,
6.17,
5.96,
7.84,
7.26,
5.66,
4.21,
6.44,
7.97,
7.99,
8.04,
8.42,
3.83,
7.2,
5.41,
6.66,
5.78,
6.43,
7.18,
7.89,
8.53,
9.28,
6.16,
5.95,
9.41,
6.57,
4.6,
7.4,
8.31,
6.38,
8.13,
6.25,
9.69,
7.63,
8.44,
8.07,
9.7,
7.14,
5.92,
8.11,
7.66,
7.99,
5.26,
9.01,
4.77,
7.14,
4.5,
8.51,
7.39,
7.83,
3.38,
7.26,
7.43,
5.62,
4.89,
8.38,
9.9,
6.13,
7.57,
4.96,
9.83,
5.97,
7.75,
11.14,
6.81,
4.84,
7.8,
6.84,
8.78,
4.94,
3.79,
6.27,
6.7,
9.26,
8.26,
6.1,
9.31,
4.33,
6.61,
9.04,
8.59,
11.17,
10.14,
11.48,
10.3,
8.1,
11.77,
8.62,
8.18,
9.94,
6.09,
9.26,
10.26,
12.18,
12.23,
10.36,
7.77,
8.91,
6.02,
8.35,
8.99,
9.79,
9,
8.73,
11.48,
13.24,
8.6,
8.68,
10.04,
6.76,
8.77,
7.84,
8.9,
9.04,
8.72,
8.36,
8.12,
8.67,
7.3,
8.69,
5.43,
9.28,
6.98,
8.68,
10.41,
11.73,
8.31,
9.33,
8.44,
8.91,
7.46,
7.38,
10.46,
8.79,
8.83,
9.65,
10.89,
7.7,
10.76,
11.13,
8.12,
10.41,
6.58,
10.49,
10.29,
11.25,
9.73,
9.97,
11.62,
9.52,
9.82,
10.62,
10.25,
9.47,
10.81,
11.55,
12.47,
8.75,
12.54,
11.49,
10.92,
9.62,
10.39,
8.88,
6.98,
9.12,
8.1,
11.19,
9.13,
11.52,
10.81,
7.61,
9.98,
7.24,
9.02,
11.36,
10.15,
11.8,
10.86,
9.34,
8.38,
11.02,
10.4,
9.76,
11.23,
7.77,
11.59,
11.06,
11.9,
10.42,
10.92,
7.98,
8.17,
11.49,
8.92,
12.94,
11.8,
10.41,
6.82,
8.67,
12.95,
7.33,
11.28,
8.56,
11.72,
13.57,
9.37,
12.53,
9.76,
9.59,
5.74,
11.67,
5.46,
8.95,
10.91,
6.18,
6.08,
7.65,
11.07,
10.34,
8.58,
7.79,
13.07,
8.59,
9.21,
11.65,
7.78,
10.57,
6.66,
11.55,
9.82,
6.33,
8.19,
7.16,
8.14,
9.63,
10.4,
11.14,
11.55,
10.4,
11.51,
5.89,
11.77,
10.48,
10.26,
9.32,
8.08,
13.55,
14.37,
13.98,
12.56,
12.18,
13.14,
10.37,
8.33,
11.54,
9.08,
9.45,
10.98,
7.6,
8.67,
8.25,
8.1,
8.95,
10.04,
9.78,
11.6,
9.6,
9.75,
9.78,
11.34,
9.7,
9.21,
11.21,
10.44,
9.65,
9.4,
9.88,
7.69,
9.31,
8.81,
9.81,
9.47,
9.04,
10.12,
9.96,
13.31,
13.18,
13.1,
13.22,
12.88,
13.67,
11.39,
13.27,
13.09,
12.41,
12.75,
12.55,
13.04,
14.62,
13.39,
12.35,
12.54,
12.74,
11.46,
13.44,
13.27,
12.74,
12.86,
13.92,
13.71,
13.4,
13.64,
11.62,
13.2,
13.73,
12.61,
13.33,
12.93,
13.28,
12.26,
13.43,
12.61,
12.71,
13.78,
12.55,
13.26,
13.47,
12.8,
13.05,
13.66,
13.45,
12.7,
12.99,
13.02,
13.31,
13.67,
13.2,
12.06,
13.88,
13.05,
14.55,
7.82,
12.37,
13.02,
12.36,
13.53,
12.33,
13.27,
12.71,
13.41,
12.95,
13.96,
11.92,
13.41,
12.42,
12.86,
13.31,
13.02,
12.89,
14.02,
12.15,
11.87,
12.98,
12.36,
13.31,
12.99,
12.95,
13.46,
13.45,
13.84,
13.67,
13.23,
13.54,
13.14,
13,
12.98,
13.4,
13.09,
13.23,
13.8,
14.01,
13.3,
12.73,
12.5,
13.61,
13.45,
13.1,
12.63,
13.46,
13.15,
13.21,
14.08,
13.23,
13.79,
13.43,
12.55,
12.47,
12.92,
13.06,
13.04,
12.75,
13.67,
10.18,
12.15,
12.82,
13.25,
13.09,
13.16,
12.15,
13.16,
13.22,
12.21,
13.35,
13.24,
13.31,
12.99,
12.74,
12.46,
13.35,
12.78,
13.3,
13.37,
13.67,
13.16,
12.17,
13.25,
11.72,
13.23,
11.95,
12.09,
13.26,
12.23,
12.53,
13,
13.38,
13.67,
12.48,
12.56,
13.33,
13.41,
12.39,
12.77,
12.6,
13.42,
11.99,
12.12,
13.6,
13.08,
11.35,
13.53,
12.66,
12.77,
11.93,
8.62,
9.83,
10.76,
10.67,
11.17,
11.49,
11.02,
11.08,
11.8,
10.33,
9.88,
11.17,
10.31,
11.38,
11.55,
11.3,
12,
11.78,
12.41,
9.72,
12.19,
11.21,
11.98,
10.62,
12.25,
11.97,
11.35,
11.99,
9.75,
11.76,
11.57,
9.54,
11.98,
12.04,
10.15,
11.02,
11.85,
10.97,
11.24,
10.6,
11.53,
11.92,
11.93,
11.09,
10.32,
8.72,
10.61,
12.12,
10.64,
11.38,
10.57,
11.33,
10.02,
11.24,
12.19,
12.39,
12.89,
10.46,
9.77,
10.62,
11.6,
10.76,
10.85,
11.63,
12.73,
11.41,
10.91,
11.4,
11.56,
12.83,
12.54,
11.71,
11.9,
13,
12.32,
11.69,
11.23,
11.33,
5.79,
11.96,
11.36,
12.26,
10.53,
11.14,
10.2,
10.55,
13.56,
10.77,
12.38,
10.43,
9.91,
12.29,
10.93,
11.63,
12.08,
11.78,
10.84,
12.55,
10.88,
11.32,
11.9,
11.25,
9.82,
11.31,
11,
10.29,
11.94,
11.58,
11.84,
11.25,
12.08,
10.77,
10.1,
11.58,
11.97,
11.39,
12.86,
10.21,
12.32,
11.28,
6.21,
10.47,
13.24,
11.25,
12.68,
12.71,
10.67,
11.98,
11.47,
10.7,
11.27,
12.28,
11.67,
12.71,
11.95,
12.49,
11.27,
7.72,
10.29,
10.93,
12.86,
12.25,
11.2,
9.55,
11.74,
11.63,
11.99,
12.72,
10.2,
11.8,
11.91,
10.9,
11.19,
11.48,
10.95,
11.39,
11.74,
11.18,
12.3,
11.33,
11.6,
8.93,
9.93,
11.53,
11.46,
11.96,
12.24,
11.5,
11.58,
11.78,
10.06,
11.97,
11.28,
10.72,
11.33,
11.54,
11.2,
11,
10.69,
12.28,
11.43,
12.05,
9.95,
11.24,
10.39,
10.53,
11.39,
12.17,
10.87,
11.99,
11.96,
11.82,
10.04,
11,
10.55,
11.86,
10.68,
10.6,
10.9,
10.39,
10.32,
9.21,
11.53,
9.68,
11.9,
9.7,
12.18,
10.67,
7.39,
12.45,
9.89,
8.75,
7.89,
11.7,
11.9,
11.66,
12.18,
11.64,
12.04,
13.18,
9,
11.33,
12.3,
11.3,
11.79,
12.16,
11.2,
10.54,
10.33,
11.02,
11.58,
12.03,
11.1,
12.16,
12.44,
10.81,
12.19,
12.1,
11.08,
11.79,
10.3,
11.9,
10.09,
11.15,
12.34,
13.01,
11.82,
11.39,
11.3,
13.25,
12.95,
12.09,
11.87,
11.03,
10.95,
11.53,
12.11,
11.15,
13.05,
11.42,
9.76,
12.12,
12.26,
11.85,
11.9,
11.77,
10.97,
12.9,
8.44,
11.76,
10.28,
11.21,
11.72,
10.17,
11.07,
9.9,
9.27,
11.82,
11.93,
10.98,
9.71,
11.59,
11.22,
9.59,
10.48,
11.56,
11.66,
10.21,
10.32,
11.96,
8.96,
10.78,
11.3,
10.04,
11.27,
11.56,
11.67,
11.56,
11.44,
11.47,
11.85,
12.62,
10.28,
12.33,
12.73,
10.53,
9.59,
10.66,
12.52,
12.75,
13.03,
11.28,
10.88,
11.67,
10.2,
8.01,
10.96,
10.55,
10.33,
7.55,
11.95,
12.22,
11.26,
11.8,
11.85,
10.53,
11.36,
12.87,
12.64,
11.19,
9.36,
12.5,
11.68,
11.83,
12.07,
11.7,
10.9,
11.52,
9.3,
9.45,
11.71,
10.54,
12.28,
9.51,
10.72,
11.46,
12.41,
11.11,
10.79,
12.71,
6.01,
11.66,
11.98,
12.59,
10.85,
11.64,
7.03,
11.64,
10.68,
11.6,
11.58,
11.26,
12.2,
10.73,
13.22,
12.89,
12.31,
12.95,
12.12,
13.97,
12.52,
12.94,
13.33,
13.26,
12.73,
12.79,
12.78,
12.92,
12.41,
12.21,
13.19,
12.85,
13.18,
12.84,
12.01,
12.24,
12.88,
11.75,
13.45,
12.98,
12.03,
12.22,
12.87,
11.33,
12.83,
13.12,
12.87,
12.29,
14.33,
13.1,
13.75,
11.96,
12.44,
13.77,
13.37,
12.84,
13.94,
13.08,
12.28,
13.28,
11.8,
12.97,
12.23,
13.41,
11.82,
13.61,
13.57,
12.78,
13.57,
12.53,
13.02,
13.59,
13.21,
12.69,
13.43,
14.17,
13.46,
13.3,
13.77,
13.29,
10.73,
11.18,
12.56,
11.07,
10.85,
10.55,
12.55,
11.3,
10.98,
11.34,
8.82,
10.86,
11.85,
11.29,
10.55,
12.32,
11.74,
10.93,
10.03,
10.8,
11.11,
11.02,
10.3,
10.17,
10.16,
12.3,
10.17,
8.51,
10.09,
10.82,
11.06,
9.59,
11.74,
11.57,
10.82,
10.06,
8.98,
11.99,
10.93,
12.52,
11.44,
11.53,
11.46,
12.32,
12.45,
10.59,
11.17,
10.58,
11.56,
10.81,
10.69,
11.52,
11.63,
11.24,
11.41,
11.09,
11,
11.72,
11.42,
10.26,
10.03,
11.21,
10.58,
10.53,
11.28,
11.48,
11.86,
12.63,
10.78,
10.38,
9.15,
10.53,
11.64,
11.31,
9.97,
11.76,
10.95,
11.34,
11.6,
11.44,
11.56,
10.64,
12,
10.79,
11.14,
11.51,
10.94,
12.38,
11.31,
11.59,
11.02,
12.41,
11.99,
10.93,
9.85,
10.97,
11.52,
11.83,
9.88,
11.24,
10.63,
10.9,
11.53,
12,
10.7,
10.69,
12.23,
11,
10.32,
11.7,
11.66,
11.25,
9.64,
10.45,
11.02,
10.52,
11.1,
11.17,
11.11,
11.43,
10.95,
12.09,
10.52,
11.09,
10.97,
11.1,
11.59,
11.12,
10.29,
11.46,
11.07,
12.22,
10.83,
12.69,
11.89,
11.01,
11.11,
9.54,
11,
11.5,
11.11,
11.16,
10.42,
10.78,
11.08,
11.49,
10.82,
11.12,
11.43,
11.27,
10.17,
9.95,
12.79,
11.25,
10.67,
11.7,
11.29,
11.66,
12.06,
11.05,
10.93,
11.75,
11.54,
10.3,
11.43,
10.54,
11.65,
11.08,
11.59,
11.77,
12.77,
11.4,
11.58,
10.8,
11.73,
11.75,
12.71,
10.88,
10.84,
10.99,
10.44,
10.36,
11.79,
10.91,
10.84,
10.77,
11.38,
11.35,
9.58,
11.98,
11.01,
12.21,
11.59,
10.73,
10.73,
9.34,
10.2,
10.39,
11.12,
11.93,
11.59,
11.09,
11.19,
11.51,
10.49,
10.49,
11.55,
12.14,
12.82,
11.03,
9.9,
10.11,
11.56,
10.4,
12.12,
11.59,
11.07,
12.03,
10.51,
12.31,
11.05,
10.18,
11.38,
11.97,
10.46,
10.95,
11.31,
10.77,
11.79,
10.6,
11.63,
11.06,
10.62,
11,
10.43,
11.52,
11.22,
10.8,
11.02,
10.37,
10.21,
11.85,
11.16,
10.97,
11.09,
10.41,
12.18,
11.32,
11.14,
11.21,
11.1,
11.29,
11.88,
10.74,
9.9,
10.44,
10,
11.42,
11.7,
11.86,
11.75,
11.68,
8.36,
9.49,
10.09,
11.52,
11.51,
10.99,
9.97,
10,
10.95,
11.25,
11.86,
10.87,
10.31,
11.83,
10.01,
11.27,
11.48,
11.16,
10.14,
11.74,
11.79,
11.23,
10.93,
11.18,
11,
12.34,
11.2,
11.19,
10.45,
11.77,
10,
11.68,
11,
11.73,
11.97,
6.78,
11.94,
12.17,
11.46,
12.18,
11.08,
9.57,
11.21,
12.09,
11.75,
11.38,
12.04,
13.65,
12.98,
13.86,
11.87,
13.1,
12.72,
11.94,
12.23,
11.23,
12.32,
12.48,
14.23,
12.99,
8.63,
13.69,
12.75,
12.02,
11.45,
13,
13.88,
12.85,
5.92,
13.02,
12.76,
13.27,
10.91,
14.22,
11.67,
10.44,
14.15,
13.43,
12.8,
13.87,
13.24,
11.72,
13.87,
11.29,
12.48,
13.71,
13.15,
12.17,
12.96,
12.41,
12.33,
13.78,
14.11,
12.42,
11.09,
14.18,
13.85,
13.95,
12.54,
13.62,
14.12,
12.67,
12.17,
13.89,
11.64,
12.85,
14.02,
12.85,
10.63,
13.08,
13.36,
13.32,
12.39,
9.79,
13.3,
13.93,
8.15,
13.09,
11.34,
10.87,
12.56,
12.32,
13.21,
12.91,
12.31,
11.75,
13.24,
12.4,
13.78,
12.11,
12.75,
12.33,
13.27,
12.67,
13.76,
11.31,
13.3,
13.76,
11.34,
13.23,
11.11,
13.12,
12.38,
12.87,
13.05,
10.79,
12.39,
13.92,
13.38,
13.21,
13.41,
10.9,
13.44,
12.26,
11.57,
12.73,
14.08,
13.91,
13.74,
9.97,
11.36,
12.25,
13.4,
12.42,
12.81,
12.57,
12.41,
9.16,
13.14,
11.06,
12.95,
14.53,
13.24,
13.38,
12.26,
14.43,
12.41,
13.67,
14.22,
9.9,
14.07,
13.32,
13.67,
12.08,
13.21,
11.87,
13.41,
11.88,
13.79,
12.57,
13.65,
10.77,
11.72,
12.13,
13.62,
12.34,
13.07,
12.27,
13.84,
13.2,
11.82,
13.22,
12.7,
12.05,
13.14,
11.91,
13.2,
13.2,
13.25,
13.03,
13.07,
12.63,
12.94,
13.05,
9.47,
13.8,
12,
13.96,
13.99,
13.13,
13.92,
13.79,
12.88,
12.46,
12.06,
13.74,
12.35,
11.85,
12.74,
11.88,
13.69,
14.42,
13.76,
12.98,
13.48,
14.22,
13.36,
11.69,
13.03,
12.2,
12.87,
12.79,
12.35,
13.85,
12.08,
13.21,
11.91,
13.37,
12.89,
12.91,
13.13,
12.15,
12.89,
12.48,
12.14,
12.22,
11.87,
11.81,
12.73,
11.88,
12.39,
12.46,
9.52,
12.54,
12.34,
12.34,
9.83,
11.56,
13.11,
9.62,
13.08,
12.97,
12,
11.79,
11.9,
12.09,
11.74,
11.91,
13.62,
11.04,
11.56,
13.19,
10.78,
10.7,
12.64,
12.45,
12.78,
11,
13.43,
8.52,
13.1,
13.49,
12.19,
12.75,
12.39,
13.21,
12.13,
12.74,
8.41,
13.16,
14.29,
13.07,
12.77,
12.61,
12.23,
10.31,
12.54,
9.58,
12.03,
11.51,
13.2,
13.49,
13.76,
12.29,
11.6,
12.02,
12.94,
13.36,
13.47,
10.71,
13.6,
13.35,
12.32,
13.62,
13.59,
10.3,
12.92,
12.1,
12.78,
12.15,
12.64,
13.48,
12.27,
12.9,
13.09,
12.21,
11.52,
12,
13.02,
13.74,
12.65,
13.9,
13.01,
12.8,
12.33,
13.16,
11.2,
12.56,
12.65,
10.04,
11.72,
10.81,
11.64,
9.45,
10.83,
11.05,
13.45,
11.85,
12.09,
13.11,
12.97,
11.83,
12.39,
11.09,
12.69,
12.29,
13.04,
13.87,
13.44,
13.27,
11.97,
12.09,
13.25,
11.64,
12.05,
10.37,
12.13,
12.07,
11.95,
11.49,
12.53,
12.43,
13.08,
11.62,
7.25,
13.63,
14.38,
13.44,
11.54,
13.53,
12.28,
12.77,
11.56,
13.51,
12.31,
14.02,
13.18,
12.26,
12.77,
13.28,
13.12,
13.74,
11.03,
12.89,
13.48,
12.76,
12.14,
11.91,
12.59,
12.35,
12.86,
13.21,
10.92,
13.41,
11.55,
13.57,
13.21,
12.01,
13.15,
13.36,
13.51,
13.91,
12.07,
13.89,
11.96,
12.44,
11.3,
12.79,
11.69,
12.78,
12.62,
11.49,
13.1,
13.36,
10.88,
12.45,
12.19,
11.25,
13.46,
13.8,
12.06,
13.2,
12.87,
12.26,
12.45,
13.32,
11.85,
12.78,
13.16,
13.61,
13.14,
13.59,
12.32,
12.84,
11.74,
12.11,
13.03,
11.74,
12.65,
14.38,
13.22,
14.08,
13.12,
12.99,
10.38,
13.3,
12.04,
10.6,
5.5,
13.04,
10.23,
12.33,
11.61,
12.77,
10.27,
11.58,
12.78,
13.31,
12.75,
13.04,
12.71,
12.86,
13.18,
12.68,
13.14,
13.42,
13.92,
14.45,
13.59,
12.96,
13.13,
13.43,
13.25,
13.16,
12.68,
12.39,
10.96,
12.97,
13.7,
6.99,
13.43,
14.59,
13.1,
13.12,
6.73,
13.61,
12.47,
12.75,
8.47,
11.08,
13.61,
10,
13.63,
6.09,
13.4,
14.46,
12.41,
14.1,
12.41,
7.19,
12.3,
12.5,
13.85,
12.79,
13.65,
12.57,
13.94,
12.17,
7.13,
13.8,
13.01,
14.03,
10.94,
13.47,
14.57,
12.54,
14.22,
12.21,
14.4,
13.07,
13.61,
13.76,
12.63,
12.4,
13.42,
11.97,
12.59,
13.82,
13.79,
13.14,
13.85,
14.59,
14.23,
12.67,
11.99,
13.44,
12.85,
11.96,
13.03,
11.43,
12.98,
12.42,
13.41,
12.74,
11.67,
13.71,
12.75,
13.65,
13.31,
10.4,
12.53,
13.46,
11.78,
12.14,
12.43,
9.51,
7.64,
12.73,
13.05,
12.85,
13.09,
13.03,
12.55,
13.34,
11.51,
10.88,
13.94,
11.51,
12.69,
13.05,
13.52,
13.7,
13.67,
11.71,
12.81,
13.69,
12.54,
12.43,
12.76,
12.23,
13.39,
13.66,
13.08,
13.03,
13.11,
14.32,
11.27,
12.6,
12.74,
12.6,
13.91,
13.49,
13.53,
13.6,
13.47,
14.02,
13.04,
13.6,
11.47,
12.23,
11.44,
13.76,
13.46,
12.38,
13.07,
13.69,
12.64,
12.92,
12.75,
13.65,
9.77,
13.07,
13.16,
13.31,
12.28,
13.78,
12.54,
13.4,
12.76,
12.59,
11.54,
13.42,
12.53,
12.26,
13.01,
12.66,
12.06,
5.07,
3.86,
4.2,
4.27,
7.86,
8.06,
4.05,
7.63,
6.83,
5.71,
3.21,
7.8,
2.82,
7.29,
4.07,
4.86,
5.74,
2.85,
2.72,
7.51,
4.55,
7,
4.22,
4.8,
3.96,
3.62,
7.37,
7.49,
5.98,
5.37,
6.52,
4.9,
4.38,
3.96,
6,
4.49,
4.77,
3.42,
3.81,
4.21,
6.95,
4.98,
6.63,
4.65,
4.52,
3.4,
4.32,
6.83,
4.45,
5.54,
4.66,
3.99,
4.63,
4.76,
3.8,
7.19,
6.54,
6.51,
5.79,
2.97,
4.34,
5.15,
6.03,
4.83,
4.47,
9.64,
5.28,
3.55,
3.53,
5.76,
5.96,
5.01,
5.08,
3.41,
3.97,
4.14,
3.88,
5.5,
6.26,
5.31,
4.45,
8.08,
3.64,
5.86,
5.35,
6.07,
6.58,
5.44,
3.2,
6.63,
5.33,
4.08,
4.5,
3.9,
5.64,
4.51,
5.37,
3.76,
4.27,
3.98,
5.06,
4.95,
4.67,
5.34,
4.87,
3.93,
4.88,
5.21,
3.94,
4.85,
6.12,
6.14,
4.17,
4.39,
4.32,
4.96,
5.25,
5.71,
1.75,
4.14,
4.98,
4.48,
6.98,
4.24,
4.23,
5.75,
3.12,
3.79,
9.75,
3.11,
6.32,
5.16,
5.91,
3.95,
5.78,
5.83,
4.51,
6.03,
5.73,
4.7,
4.93,
4.54,
7.24,
5.11,
2.95,
4.65,
7.18,
4.36,
4.97,
5.91,
4.73,
5.3,
3.46,
3.62,
5.75,
4.72,
8.77,
5.9,
4.69,
7.03,
4.2,
4.77,
5.2,
3.63,
4.4,
4.24,
4.49,
4.96,
4.51,
4.05,
3.29,
5.1,
4.48,
11.79,
12.86,
12.35,
11.1,
12.05,
13.37,
12.7,
9.31,
11.45,
12.3,
12.93,
11.72,
13.77,
12.66,
12.85,
12.92,
12.21,
13.75,
11.99,
13.58,
13.13,
14,
12.59,
13.3,
11.95,
13.91,
13.35,
12,
12.45,
11.76,
12.76,
13.67,
13.79,
13.73,
12.84,
12.16,
12.31,
12.43,
